title,date,source,body
浪花淘尽英雄，《宿命交锋》万人删测结束，不服首发来战！,2019-11-05,97973手游网,"君海全新MMO国战策略手游《宿命交锋》删测圆满结束！作为三国题材的策略游戏，《宿命交锋》融合了RPG创新玩法，给用户带来沉浸式互动体验，拥有着丰富的武将养成系统，还有着远征西域、大秘境、都城战等精彩玩法，力求为你还原一个原汁原味的三国史诗世界。
　　本次删测中近万人约战，经典战局斗智斗勇，无数主公在《宿命交锋》中书写属于自己的历史，一展宏图，称王霸业！

　　作为一款策略性游戏，《宿命交锋》相对于同类的游戏，武将的实力相互制衡，保护了游戏的战斗生态，在数值上武将的战力搭配也更合理，使得高战力玩家和大R玩家不再有绝对的碾压性，让普通玩家的生存空间得到了保障。
　　就如同英雄联盟的天赋系统，每个武将既能够拥有相互制衡的技能和兵种，也拥有相对公平的特效和数值，这使得每个武将都有用武之地，更加均衡的对抗也让战场充满了不确定性！

　　除了公平均衡的武将对决，《宿命交锋》的万人国战系统更是一绝！相较于其他三国策略游戏而言，《宿命交锋》抛弃了漫长的养成期，早早地进入到玩家PK的阶段。当你在酒馆招募到心仪的武将后，快速培养快速上阵，你就能够在当晚的国战中大放异彩。
　　除了紧张刺激的争锋交战，培育实力的资源怎么获得呢？游戏为大家准备了远征西域、大秘境、都城战等精彩玩法，超多资源一键获取。你只需要偶尔拿出手机看一看，花十分钟把资源领完，随时随地升级，一刻也不耽误！

　　删测结束后，很多玩家都在关注《宿命交锋》这款手游具体的首发时间。有很多玩家就会问《宿命交锋》什么时候首发？今天就为大家透露一下信息：《宿命交锋》首发在即！一定要关注哦！

　　君海全新MMO国战策略手游《宿命交锋》删测现已圆满结束！战火从未熄灭，无论是在删测中错失称帝决心复仇，还是错过删测想要变身主公一展宏图，都千万不要错过《宿命交锋》的首发啦！
  
 97973手游网声明：97973手游网登载此文出于传递更多信息之目的，并不意味着赞同其观点或证实其描述。"
千变万化八奇阵《大话白蛇》伙伴阵法详细解析,2019-10-30,97973手游网,"嗨，各位老爷仙女你们好呀！记得上一期，小编给大家介绍过《大话白蛇》中的伙伴模块的内容，但由于篇幅比较长，内容比较多，所以就将这伙伴的阵法篇做一个简要的介绍，先让大家喝一口沁人心脾的“清汤”润润喉。而今天，小编儿会用心将伙伴模块中的阵法内容给大家奉上，力争为大家做好一份极品“美味”
　　在手游《大话许仙》中，不管是PVP还是PVE玩法，都离不开阵法系统，只有了解相生相克的原理，才能发挥阵法最大的作用，那么接下来，小编儿将为大家介绍的第一个阵法！
　　攻击型：天极阵
　　天极阵作为八大阵法中唯一一个增益全体攻击力的阵法，可为所有队员和宠物对敌造成的伤害增加15%，这些增益可谓是极其恐怖的。但缺点是，全员速度降低10%。天极阵作为全攻击型阵法，在抓鬼、封妖等活动中受到热捧， 克制的阵法有普通阵、水灵阵、云迷阵、地覆阵等。

　　以守为攻：地覆阵
　　这个阵法是典型的全体防御型阵法，增益效果为：队长受到伤害减少25%，所有队友和宠物受到伤害减少15%，地覆阵作为比较“抗揍”的阵法，在PVP和竞技场中用到的次数比较频繁，一般阵容中封系和恢复门派出现的人数较多，抛弃输出，打消耗战为主，待到敌方弹尽粮绝，才是反扑取胜的时机。 ，克制的阵法分别为，风吼阵、云迷阵、火绝阵、雷暴阵等。

　　全能型：风吼阵
　　这是一个攻速同存型阵法，队长对敌伤害增加20%，队员2、3对伤害增加10%，队员4、5速度提高10%，所有宠物对敌伤害增加10%，在保证宠物有高输出的同时，不同门派的队员都能够获得不错的属性加成，有速有伤，强力的物理输出、高速封系和稳定的法系阵容搭配，效果非常可观，广泛适用于PVP中。克制的阵法为天极阵、水灵阵、火绝阵、山崩阵等。

　　法系克星：山崩阵
　　山崩阵善于规避伤害及增加速度的阵法，队员中1、2、3号位法术躲避+15%，队员4、5法术躲避+1%、速度+10%，所有宠物法术躲避+15%。山崩阵全体大幅度增加法术躲避的概率在法宠略显强势的《大话白蛇》中，山崩阵可谓是占尽了优势，让多法师的阵容相当烦恼。克制的阵容有地覆阵、雷暴阵、水灵阵和天极阵等。
　　嘿嘿~~怎么样？今天的硬菜可还符合大家的胃口呢？因为阵法较多，小编儿还得一个一个的去体验，力争将最好的新闻资讯与游戏攻略献给大家，希望老爷仙女们多多支持我们《大话白蛇》手游，你们的关注，就是我们的动力，好啦，让我们下期见。挥挥~~
　　《大话白蛇》手游，给你不一样的白蛇传说！

　　大话白蛇游戏官网：https：//dhbs.demigame.com/

　　大话白蛇游戏官方Q群：730903773
 
  
 97973手游网声明：97973手游网登载此文出于传递更多信息之目的，并不意味着赞同其观点或证实其描述。"
万人来战！你约不约？君海《宿命交锋》火爆删测进行中！,2019-10-28,97973手游网,"近万人赴约！君海全新MMO国战策略手游《宿命交锋》删测火爆进行中，丰富的武将养成系统，还有着远征西域、大秘境、都城战等精彩玩法，力求为你还原一个原汁原味的三国史诗世界。
　　作为一款三国题材的策略手游，《宿命交锋》为什么能够吸引近万人参与测试？这款游戏有什么魅力之处？这场三国史诗之邀，一起约起来！

　　你是否想象过，司马懿和诸葛亮这一对生死宿敌并肩作战的场景？“无耻老贼”和“厚颜无耻之人”能否携手共战？今日《宿命交锋》就将把名将选择权交给了你！无论是因官渡之战结仇的曹操和袁绍，还是互相瞧不起的关羽和吕蒙，这些名将的命运都将由你掌握！
　　千军易得，一将难求！良将何在，酒馆来送！可以选择使用元宝进行武将召唤，10连必出武将。日常福利和竞技场都能获得元宝，每日第一次召唤更是免费的，看来收集史诗名将不是难事，真可谓脸黑党的福音！

　　拥有了武将之后，该怎么提升战斗力呢？武将升级和训练能大量提升武将属性，技能升级会给战局带来翻天覆地的变化，羁绊系统则是考验你对阵营搭配的理解，羁绊越多收益越大！ 值得一提的是，在《宿命交锋》中，没有红橙黄绿青蓝紫的卡色阶级，所有的武将都能升到最高星！同时还有进阶和武魂系统，助你战力飙涨！
　　《宿命交锋》独有的SLG+卡牌玩法，极大地提高了武将的上限值，你不仅要考虑武将本身的兵种、技能和属性，更要考虑阵营的搭配和羁绊。这使得游戏中不重合的武将阵营达到了上千种！成年人靠大脑，称霸三国就看你的策略和计谋！

　　当你组成了独特的阵营军队，你该如何大显身手呢？来《宿命交锋》参加万人跨服城战，体验真正的热血交锋！
　　每个领主在沙盘大地图上通过占领城池，不断地扩大势力，占领城市越多收益越大！多方势力相互制衡，每时每刻都在发生领土之争，真可谓东汉末年分三国，烽火连天不休，热血的跨服城战现在已经火热开打，你还不来战？

　　君海全新MMO国战策略手游《宿命交锋》删测火热进行中！万人约战，火热开打！ 在这款全新的三国策略手游中，你将化身为主公，招募众多三国名将，率领大军参与国战，在乱世中建立自己的势力，实现乱世封侯的梦想。万人来战！你约不约？
  
 97973手游网声明：97973手游网登载此文出于传递更多信息之目的，并不意味着赞同其观点或证实其描述。"
《大话白蛇》特色玩法，好玩不只是战斗！,2019-10-11,97973手游网,"Holle，各位老爷仙女们你萌好！又到了我们周周见面的时候啦，继之前小编儿将不少《大话白蛇》中的一些精彩资讯推送给大家，不知道大伙可都满意？今天的这一期就让我们来聊聊游戏中的一些有趣的大小玩法吧！
　　“老司机带带我，我要去……”嘿嘿~这首洗脑的旋律有没有很熟悉？但是，今天小编儿不开车，咱开船！
　　登浪~在我们匠心团队的努力开发下，《大话白蛇》海上贸易玩法终于可以与大家见面啦！想要了解这个全新的玩法嘛？坐稳了，小编儿这就给各位看官一一道来。
　　新玩法海上贸易属于一个策略性的模块，当玩家等级达到42级的时候便会开启，这是一个单人趣味活动，且全天开放哦！

　　既然玩法的名字叫海上贸易，那它必定与经商做生意有关联，玩家可以通过贸易的订单去寻找、准备相应的货物，在规定的时间内将货物装箱完毕后都可获得修炼经验，装满8个箱子让船出发后可得到一个修炼丹。对了，这个模块可不仅仅只是赚取修炼丹那么简单哦，除此以外还能赚到一定的威望，威望值可用于升级官职。所以，这可是一个可以让玩家快速升官发财的理想玩法。

　　来来来，继海上贸易，小编儿今天就将《大话白蛇》中另外一个有趣的小游戏曝光给大家，它就是我们萌值担当的“萌宠翻翻乐”小游戏中这个模块可分为三种难度，简单、中等、还有最高。如果大家都有玩过“消消乐”类型的游戏，那么我们的“翻翻乐”也一定难不倒你。点击两个背对的卡牌，如果图案一致便会消除，直到界面的卡牌一张不剩即为挑战成功，花的时间越少，你的奖励也就越大哦！当然了，每一个阶层的难度所对应的奖励丰厚程度都不一样，还等什么？修炼丹、高级宝图、珍兽之魂、神兽之魂都在向你招手！

　　欢乐的时光总是那么的短暂，又该到与老爷仙女们说再见的时候了，但这只是暂时的，因为小编儿要去体验手游《大话白蛇》啦！因为只有这样才能不断的将好玩又有趣的游戏内容安利给大家，酱~撒哟呐拉！
　　《大话白蛇》手游，给你不一样的白蛇传说！

　　大话白蛇游戏官网：https：//dhbs.demigame.com/

　　大话白蛇游戏官方Q群：730903773
  
 97973手游网声明：97973手游网登载此文出于传递更多信息之目的，并不意味着赞同其观点或证实其描述。"
实力护主，萌宠相随！《大话白蛇》宠物大曝光,2019-09-29,97973手游网,"“嘤嘤嘤”各位老爷仙女们安康！又到我们周周见的时候啦！本次小编儿给大家带来一些“干货”让各位看官对我们《大话白蛇》手游有更多的了解。
　　“去吧比卡丘，使用十万伏特”
　　“亚古兽进化……”
　　“神兵天晶，正义力量……”
　　这些熟悉的台词有没有勾起你那中二的回忆？遥想当年这些宠物宝贝的动画伴随着我们一代人的成长，那时候大家可都是想拥有那么一只神奇宠物伴随身边的。
　　2019手游梦幻大作《大话白蛇》强势来袭，趣味的宠物系统将圆你成为一名宠物“训练家”的梦想。它们Q萌可爱，能力出众，级别可分为普通、稀有、珍兽、神兽、仙兽等不同级别，虽然各个宠物们的级别或许会不同，但是都会保留着它们自己身上特有的属性技能，以达到“龙生九子，子子不同”的个性保留。

　　宠物的外观不仅要好看，而且还要具备强横的实力，手游《大话白蛇》的宠物系统中有一个炼妖界面，里面可是多出了不少新奇的玩法，其中吞食跟合宠是小编儿最喜欢的一个模块，你可以将多余出来的非专有宝宝用作主宠吞食的对象，吞食成功后主宠将在成长、寿命、经验、资质中随机提升一项，另外还能将一个低阶技能升至高级，领悟一个副宠的技能呢。怎么样？这种玩法是不是很cool？

　　如果说吞食是一种宠物的进化，那么合宠将是宠物的一种究极进化，玩家可将两只不一样的宠物带到合宠模块，只要按照指引将放进合宠的界面，那接下来你将会见证奇迹的时刻，两只不一样的宠物在合宠后有一定的几率结合成它们的结合体，属性与技能将会发生翻天覆的变化，这听起来是不是很酷炫？

　　2019手游《大话白蛇》将宠物元素大刀阔斧全面提升，百种各具特色的仙灵异兽等你支配，三界六道，天上地下忠诚相伴，匠心制作，诚意表现，为你打造一个不一样的白蛇传奇！
　　好啦各位看官，本次宠物模块就给大家介绍到这，想要了解《大话白蛇》更多官方新闻资讯，请持续关注我们哟！下期见啦，拜拜！
　　《大话白蛇》手游，给你不一样的白蛇传说！

　　大话白蛇游戏官网：https：//dhbs.demigame.com/

　　大话白蛇游戏官方Q群：730903773
  
 97973手游网声明：97973手游网登载此文出于传递更多信息之目的，并不意味着赞同其观点或证实其描述。"
极致伙伴，大显神威《大话白蛇》手游伙伴篇闪亮登场,2019-10-24,97973手游网,"小编儿这会儿正苦思着用什么样的开场方式跟仙女老爷们say Holle的时候，不知不觉间竟已经跟大家打过了招呼，意不意外？惊不惊喜？窝窝头一块钱四个，嘿嘿~~
　　那整好，咱今天就用“四”这个数字来贯穿小编儿今天要介绍的内容，那么它就是我们《大话白蛇》中手足情深的伙伴玩法。在我们《大话白蛇》手游中有一个伙伴系统，等级达到11级便可开放。通过点击右下角的伙伴界面将其打开。伙伴界面中又分为两个模块，伙伴布阵与伙伴招募。
　　1、伙伴招募
　　虽然在《大话白蛇》中，强劲的伙伴有很多，但大致可分为四种类型，他们分别是：物攻、法攻、辅助还有封印。每一种类型的伙伴在团队中都会扮演着重要的角色，当然啦，伙伴至多可以同时上阵4个，因此在战斗中要特别的注意伙伴的搭配阵容，不同的伙伴搭配出来的效果往往会是4+1>5的效果，所以想要在战场上游刃有余的取得一次又一次的胜利，搭配好伙伴可是一个大门道。不假思索的胡乱的招募伙伴放置搭配，到最后往往会差强人意。

　　2、伙伴布阵
　　相信不少热爱游戏的朋友都有看过玄幻题材的影视作品与类型小说，在这些作品中不难发现少不了花哨的阵法登场。最新回合制手游《大话白蛇》中也将威力强大的阵法作为一种元素添加进游戏当中，游戏中阵法一共有八种，八种阵法相互制约，相生相克，在战斗中，伙伴的搭配与阵法的布置也是如出一辙的相似，作为一名游戏爱好者，如果你能将伙伴与阵法的搭配运用到如火纯青的话，相信即便你的角色在属性上略逊对手半筹，但是伙伴与阵法搭配得当的话，也能出奇制胜，毕竟咱这可是一个需要灵活的脑子作为前提的优秀手游。

　　返回伙伴招募模块中，虽然伙伴数量繁多，但是他们都归于物、法、辅、封这四种大类别，每一个伙伴在法术与属性上也会大不相同，伙伴的招募也分为前、中、后三个时期，伙伴质量也有所差别，伙伴中的级别分别为一星、二星跟三星。但这些都需要玩家的角色等级达到相应的等级时才会开启，因为到了大后期，怪物的实力也会攀升，只靠使用前期的伙伴进行排兵布阵会稍许勉强，所有我们还会拥有更多实力强劲的伙伴队友。

　　好啦各位，本次伙伴模块的看点就给大家介绍到这咯，稍晚一些，小编儿将伙伴中的阵法的玩法倒腾整理完成后再向广大的游戏爱好者奉上，等着我哟，那么…再您个见嘞！
　　《大话白蛇》手游，给你不一样的白蛇传说！

　　大话白蛇游戏官网：https：//dhbs.demigame.com/

　　大话白蛇游戏官方Q群：730903773
  
 97973手游网声明：97973手游网登载此文出于传递更多信息之目的，并不意味着赞同其观点或证实其描述。"
美猴王驾到！ 《大圣轮回》再次携手六小龄童先生推大圣主题时装,2019-12-02,97973手游网,"身穿“黄金锁子甲” ，头戴“凤翅紫金冠”，脚蹬 “藕丝云步履”，你就是齐天大圣！12月2日，四九游戏西游IP大作《大圣轮回》再次携手著名表演艺术家、经典电视剧《西游记》主演、家喻户晓的西游文化“齐天大圣”六小龄童先生，展开深度合作，在游戏内同步上线了齐天大圣、斗战胜佛两套主题时装，让玩家充分感受大圣的魅力！

　　主题时装免费送 人人都是大圣
　　在《西游记》中，悟空为借兵器而入龙宫，龙王为了讨好，给了悟空一身宝盔。如今，这套传说中的宝盔在《大圣轮回》中得以重现。新手玩家只要上线10分钟就可免费体验这套华丽的时装，而老玩家也可通过激活终身卡免费领取。
　　另一套更为珍贵的联动时装“斗战圣佛”，则更充分地还原了原著中“黄金锁子甲” 、“凤翅紫金冠”、 “藕丝云步履”的“神器品质”，细腻的金属细节加上灵动光鲜的特效，穿上行走在三界之中，必定会吸引众人的目光！在每周三次的跨服争霸活动中夺魁的玩家，即可免费获赠该时装。当然，感兴趣的玩家也可通过消耗特殊道具获取。
　　这两套大圣主题时装不仅外观精美，还能为玩家提供高额的战力加成，让你真正成为上天入地无所不能的齐天大圣！

　　唤醒大圣梦想 共闯西游路
　　除了两套大圣主题时装之外，本次《大圣轮回》还为广大玩家准备了更多惊喜的联动，玩家在游戏中就能畅快地和大圣“并肩作战”。游戏已经上线了全新的大圣版本主题加载页，在特定时间点，“大圣”还会现身世界频道进行“神秘播报”。此外，为了激励玩家努力踏上西游修行之路，大圣还为在西游世界完成特定成就的玩家额外奉上超值大礼。

　　西游路漫漫 再次携手六小龄童先生

 
　　品牌宣传片《西游路漫漫》
　　去年9月，四九游戏正式宣布六小龄童先生代言旗下产品《大圣轮回》，双方携手推广西游文化，引发了市场的积极反响。这一次，《大圣轮回》再次携手六小龄童先生，双方不仅推出了全新的品牌宣传片《西游路漫漫》，在品质升级的同时，更强调引导年轻用户传承传统文化，吸引了众多玩家的关注。
 品牌宣传片《西游路漫漫》剧照
品牌宣传片《西游路漫漫》剧照
品牌宣传片《西游路漫漫》剧照
　　现在，《大圣轮回》全新资料片已经上线，“齐天大圣”正在游戏中等待着与各位玩家邂逅，赶紧踏入西游世界，和大圣一起共闯西游路吧！
  
 97973手游网声明：97973手游网登载此文出于传递更多信息之目的，并不意味着赞同其观点或证实其描述。"
魔兽世界的大秘境这款游戏也有!君海《宿命交锋》火爆删测中,2019-10-25,97973手游网,"君海全新MMO国战策略手游《宿命交锋》删测火爆开启！作为一款三国题材的策略手游，《宿命交锋》不仅拥有丰富的武将养成系统，还有着远征西域、大秘境、都城战等精彩玩法，力求为你还原一个原汁原味的三国史诗世界。
　　在《宿命交锋》的乱世中，无论是创新的大型多人跨服城战，还是经典的攻城略地养成，都有独特的魅力，今天就带你细细的品。

　　身为PK党，肯定不能错过的就是竞技玩法，与人对弈才能创造史诗时刻。在《宿命交锋》中，不仅有单人PK的演武场，更有多人同时操作的跨服城战玩法。
　　演武比试，一较高下。在演武场中比拼的不仅是军队的硬实力，更是兵种相克的奇妙制衡，你需要考虑到兵种的搭配和排位，才能屡战屡胜。在演武场中获胜，不仅能获得大量元宝，还会获得独一无二的演武币，排名越前，奖励越多！

　　除了单兵作战的演武场，更加激动人心的大型多人跨服城战你一定不能错过。每个领主都有不同的势力方，在沙盘大地图上通过占领城池，不断地扩大己方势力。将你的武将组成联军排兵布阵，占领城市越多收益越大！
　　多方势力相互制衡，每时每刻都在发生领土之争，真可谓东汉末年分三国，烽火连天不休，热血的跨服城战现在已经火热开打，你能否来战！

　　无论是魔兽世界的大秘境团战，还是暗黑破坏神3的大秘境搬砖，大秘境这个词总能引爆玩家兴奋点，挑战boss获取宝物的时刻是最令人期待的。
　　《宿命交锋》创新地开创了大秘境副本，玩家通过组织军队搭配阵容，一一挑战各大三国名将boss，刺激的战斗，超高的掉宝率，为你的征战三国之旅带来无限快乐。
　　除了惊险刺激的大秘境，还有英雄试炼，虎牢关征战，远征西域，巅峰对决等丰富多彩的幻境玩法，不仅可以获得各种材料和稀有武将将魂，还能冲上排行榜一览众山小！

　　君海全新MMO国战策略手游《宿命交锋》删测火热进行中！ 在这款全新的三国策略手游中，你将化身为主公，招兵买马，将众多三国名将招入麾下，率领大军参与国战，攻城略地，在乱世中建立自己的势力，实现乱世封侯的梦想。热血大战，一触即发，一个全新的三国史诗战场等你来！
  
 97973手游网声明：97973手游网登载此文出于传递更多信息之目的，并不意味着赞同其观点或证实其描述。"
美猴王深情寄语玩家 《大圣轮回》X六小龄童拍摄花絮惊喜上线,2019-12-10,97973手游网,"近日，六小龄童将以动作捕捉演员的身份，在电影《西游记真假美猴王》里出演”孙悟空”的消息迅速登上微博热搜，很多网友都表示被勾起了情怀，“很希望能看到六小龄童再演《西游记》，这是童年的回忆”，“希望看到年轻的猴哥脸和经典的大圣魂”。


　　而此前，四九游戏旗下西游IP大作《大圣轮回》也曝光了再次与六小龄童合作的全新品牌宣传片《西游路漫漫》，同样迅速引起了众多玩家和西游爱好者的情怀共鸣。

　　12月10日，《大圣轮回》惊喜上线了《西游路漫漫》拍摄花絮，邀请玩家一起聆听六小龄童对于美猴王、对于每一位玩家的深情寄语。

　　“却看不到它为取经保驾护航过程的艰辛，降妖途中的隐忍和正直”
　　花絮开篇，一改猴王装扮，身穿传统典雅唐装的六小龄童聊起了人们对《西游记》和美猴王的喜爱，“人人都看西游记，人人都喜欢美猴王”，随后话锋一转，谈起了美猴王背后不为人知的“故事”：“但他们都只看到了美猴王的‘强大’和斗战胜佛的‘荣耀’，却看不到它为取经保驾护航过程的艰辛和降妖途中的隐忍和正直。”
 品牌宣传片《西游路漫漫》花絮
品牌宣传片《西游路漫漫》花絮
品牌宣传片《西游路漫漫》花絮
　　六小龄童用颇具哲理性的语句向广大西游迷们讲述了大圣的另一面，表面的荣耀与背后的艰辛往往并存，这无论在游戏《大圣轮回》、还是神话《西游记》，抑或是我们的日常生活中都能找到相应的注脚。
　　“希望那个努力奋斗的你，无论在哪一个世界都能取得真经”
　　“游戏是什么？它是现代人生活中一种放松的方式，也是童年英雄梦想的延续。有深度的游戏会让你在放松的时候无意间懂得那些背后的道理。”作为《大圣轮回》代言人的六小龄童，随后给出了自己对于游戏产品社会及人文价值的思考，他希望游戏本身能更好地承载并传播西游文化。
品牌宣传片《西游路漫漫》花絮
　　最后，他对《大圣轮回》的所有玩家以及西游迷们留下了自己的深情寄语：
　　“希望，西游世界能带给你不一样的体验。”
　　“希望那个努力奋斗的你，无论在哪一个世界都能取得真经。”
品牌宣传片《西游路漫漫》花絮
品牌宣传片《西游路漫漫》花絮
　　双大圣共舞 全新资料片“真假美猴王”即将发布
　　除了曝光“美猴王”六小龄童的精彩拍摄花絮，不久之后，《大圣轮回》还将同步推出全新的资料片“真假美猴王”，“真美猴王”——齐天大圣主题套装与“假美猴王”——神宠六耳猕猴共同登场，带给玩家一场“双大圣共舞”的视觉盛宴，爆点十足，值得期待。

　　更多详情请关注：
　　官方网站：http://dntg.49app.com/
　　官方微信公众号：danaotiangong49
　　官方微博：大圣轮回
  
 97973手游网声明：97973手游网登载此文出于传递更多信息之目的，并不意味着赞同其观点或证实其描述。"
冬趣狂欢新宠献礼 《大圣轮回》浓情冬日嘉年华暖心来袭,2019-12-20,97973手游网,"2019年即将进入尾声，为了回馈玩家们一年以来的热爱与支持，12月20日-12月22日，四九游戏旗下西游IP大作《大圣轮回》开启浓情冬日主题嘉年华，21个狂欢活动同时上线，为玩家献上海量福利和超多好玩有趣的互动设计，之前曝光的全新神宠六耳猕猴也惊喜上架，想要获取的玩家可千万不要错过哦！

　　缤纷活动 暖心来袭
　　12月20日-12月22日，所有玩家只要登陆游戏即可获得宠物进阶丹、技能书、金装碎片等一应豪礼，连续登陆奖励升级！活动期间，击杀怪物还有几率掉落神秘字卡，集齐“冬日可爱”四张字卡还可兑换进阶丹和属性丹大礼包哦！

　　对于想要追求特定奖励的玩家，官方也精心设计了“自选寻宝”和“自选转盘”两大特殊福利活动，玩家可以自行选择对应的奖品档次构成奖池，金色仙侣/星君、红色/至尊命格、超级飞升丹等稀有物品等你来抽取！

　　全新神宠 限定上架
　　全新神宠六耳猕猴首次限定上架！《西游记》中的齐天大圣可以使用猴毛分身，召唤无数猴子猴孙为他作战，而《大圣轮回》中六耳猕猴的主动技能“当头一棒”与之相比毫不逊色，释放后可以对4个随机目标造成42%+11000点伤害，攻击时还有50%概率触发分身连击，对2个目标造成额外伤害，可谓是刷本推图做活动的利器。嘉年华期间，玩家累计充值达到一定金额即可将六耳猕猴收入麾下！

　　新年暴富 乐趣无穷
　　为了让所有玩家在新年即将到来之际提前“富起来”，《大圣轮回》在此次嘉年华中还特别推出了“大富翁”系列活动。活动期间，玩家消耗特定道具可以赢得“摇骰子”的机会，由摇到的点数决定在“藏宝地图”上行走的步数，每次行动都会获得经过路径上的所有奖励，行动达到一定圈数还可获得包括金色助战在内的超级礼包！

　　现在，《大圣轮回》浓情冬日嘉年华系列主题活动，正在各大服务器如火如荼地进行之中，海量福利和全新神宠，正等待着各位玩家前来领取。在2019年即将步入尾声之际，让我们一同相约，在游戏中感受西游世界带给我们的无穷乐趣！
　　更多详情请关注：
　　官方网站：http://dntg.49app.com/
　　官方微博：大圣轮回
　　官方微信公众号：danaotiangong49
  
 97973手游网声明：97973手游网登载此文出于传递更多信息之目的，并不意味着赞同其观点或证实其描述。"
《精灵食肆》玩家自制西王母手办 亮点竟是蟠桃,2019-11-19,97973手游网,"大家都是女娲娘娘捏出来的，在这个过程中，某些人类就遗传了没事时候喜欢捏人的基因，这种基因的驱使下，人类拥有了捏手办的神奇能力。
　　在精灵食肆中，就有这样一位天赋异禀的大触，iOS12区的菁阳。喜欢美食题材的他被游戏餐厅经营和轻松休闲的玩法吸引，成为了忠实玩家。为了纪念抽到西王母，特意制作了黏土手办，下面就和小编一起看看西王母和她的桃子是如何诞生的吧：
 西王母立绘
 手办成品
　　在精灵食肆中，以往高高在上的西王母，以烹饪苦手，任性傲娇的形象示人。是一个喜爱漫画书、游戏机、手办的万年萝莉。她平日里就会坐在玉如意上打游戏，偶尔管理一下日常事务。
 脸蛋和玉如意
　　
手办制作过程
　　制作完身体，接下来就是制作西王母身上的装饰物，精灵食肆中的这款西王母形象，吸收了一些日系元素，既有传统的凤冠和飘带，也有日本巫女身上的红白绳结。

　　最后是重头戏，也是西王母的本体，诱人的大桃子，吃了这蟠桃，增福增寿妙用无穷。
 蟠桃
　　关于精灵食肆：
　　《精灵食肆》是一款由众多热爱美食的资深开发人员共同打造的绮幻美食经营手游。游戏主打餐厅经营玩法，玩家将扮演一位店长，继承破败的百年食肆，与性格各异的店员们努力经营，恢复餐厅往日繁荣的景象。并以餐厅、店员、往来食客、采集食材的冒险旅程为窗口，观察和感受充满美食脑洞与治愈幻想的美食世界。
  
 97973手游网声明：97973手游网登载此文出于传递更多信息之目的，并不意味着赞同其观点或证实其描述。"
双大圣搅动三界 《大圣轮回》“真假美猴王”资料片震撼上线,2019-12-13,97973手游网,"近日，六小龄童将以动作捕捉演员的身份，在电影《西游记真假美猴王》里出演”孙悟空”的消息迅速登上微博热搜，而与此同时，由他代言的四九游戏旗下西游IP大作《大圣轮回》也在12月12日晚，推出了新资料片“真假美猴王”。“假美猴王”——全新神宠六耳猕猴横空出世，而“真美猴王”——齐天大圣主题套装，也即将于下周上线，带给玩家一场“双大圣共舞”的视觉盛宴。


　　真假美猴王难辨 大圣宿敌魔猴降世
　　在《西游记》原著中，六耳猕猴是齐天大圣的宿命之敌，不仅知前后，明万物，且法术超群，手眼通天。其实力和真大圣一般无二，两人大战时，闹到上天入地下海，最后被如来佛道出真身，并用金钵盂罩住，才被悟空一棍子打死。
　　而《大圣轮回》此次推出的全新神宠六耳猕猴，同样具备通天之能。齐天大圣可以使用猴毛分身，召唤无数猴子猴孙为他作战，而游戏中六耳猕猴的主动技能“当头一棒”与之相比毫不逊色，释放后可以对4个随机目标造成42%+11000点伤害，攻击时还有50%概率触发分身连击，对2个目标造成额外伤害，可谓是群秒的神技，相信六耳猕猴很快可以成为推图刷本做任务的必备神宠。
神宠六耳猕猴动图展示
　　腾云驾雾游三界 你就是齐天大圣
　　一个筋斗云十万八千里，你就是齐天大圣！锁子黄金甲、凤翅紫金冠、藕丝步云履、如意金箍棒，外加限定坐骑筋斗云和定制大圣战旗，《大圣轮回》下周即将上线的全新大圣主题套装，可谓赚足了玩家的眼球。相信对于不少《西游记》的爱好者来说，小时候的梦想就是想像孙悟空一样，乘着筋斗云翱翔天际。大圣套装作为新资料片“真假美猴王”的另一大重磅内容，值得我们共同期待。
深情寄语说大圣 六小龄童拍摄花絮曝光
　　近日，《大圣轮回》再次携手六小龄童，发布的全新品牌宣传片《西游路漫漫》，引发了广大玩家和西游爱好者的积极反响。而12月10日，官方也首度曝光了该片的拍摄花絮，六小龄童在花絮中重点强调了大圣“取经保驾护航过程的艰辛和降妖途中的隐忍和正直”，同时，他也祝愿《大圣轮回》的每一位玩家，“无论在哪一个世界都能取得真经”。

　　《大圣轮回》全新资料片“真假美猴王”已经震撼发布，赶紧叫上小伙伴一起，踏上西游之路，赢取属于你的真经吧！
　　更多详情请关注：
　　官方网站：http://dntg.49app.com/
　　官方微博：大圣轮回
　　官方微信公众号：danaotiangong49

  
 97973手游网声明：97973手游网登载此文出于传递更多信息之目的，并不意味着赞同其观点或证实其描述。"
千变万化八奇阵《大话白蛇》伙伴阵法详细解析第二弹,2019-11-01,97973手游网,"哈喽！各位老爷仙女你们好呀。随着伙伴阵法得到广泛回合制手游爱好者的一致好评，小编儿对此受宠若惊，未来会对每一份游戏的详情介绍描写更加生动且有趣味，力争将我们《大话白蛇》手游让更多人熟知与喜爱！那么我们闲话不多说，上干货。
　　上一期，小编儿给大家带了的是伙伴阵法中的其中四个，那么依照惯例，这次也将最后四个阵法一一向大家详细的解说。
　　攻守兼备 雷暴阵
　　势如猛虎，动如脱兔，雷暴阵属于攻守兼备型阵法，阵法增益属性为：队员1伤害+25%，队员2、3受伤害-10%，队员4、5伤害+10%；另外所有宠物受伤害-10%，雷暴阵适合物理输出门派带队使用，组辅助和输出门派的队员比较合适，PK活动均可使用，也是使用较为频繁的阵法之一。 克制的阵法有普通阵、天极阵、火绝阵、风吼阵。

　　防御型 云迷阵
　　始则无形，攻势内敛，此阵法为虽与地覆阵同为防御型阵法，但云谜阵还是相比地覆阵有一定的机动性。阵法增益属性为：队长受到伤害减少30%；队员2、3受到伤害减少10%；队员4、5速度增加10%；所有宠物受到伤害减少10%。云迷阵因为阵容的摆放跟天阵相似，所以会让人误以为是输出型阵法，其实刚好相反，云迷阵属于防御型阵法，适合高难度的活动使用，增加全队的存活几率。 克制的阵法有风吼阵、火绝阵、山崩阵、雷暴阵。

　　法伤型 水灵阵
　　水灵阵对于法系阵容来说可谓相当匹配。阵法增益为：队员1法抗+20，队员2物抗20%，队员3法伤+30%、受伤害+15%，队员4速+15%，队员5伤害+20%，所有宠物伤害+10%。在PK中水灵阵非常适合多法系的队伍使用，特别是队员中的三位加的法伤非常爆炸，对方若是没有克制类型的阵法，在战斗中绝对属于被动挨打的局势。其余的位置可以配搭物理输出和辅助门派使用。 克制的阵法有普通阵、雷暴阵、地覆阵、云迷阵。

　　高速型 火绝阵
　　如火焰般跳动的阵法，火绝阵是属于敏捷型阵法，所有队员和宠物速度+20%；火绝阵在PK中使用非常广泛，对于想要在PK中获得先手的队伍来说，火绝阵是最佳的选择。因为速度比对方快一步，出手控制对手的几率就会增加，在PVP比武中使用频率非常高。 克制的阵法有普通阵、天极阵、水灵阵、山崩阵。
　　好了各位，伙伴的阵法模块在这一篇资讯中就全部给大家介绍完毕，之后的新闻资讯中，小编儿会继续深挖《大话白蛇》手游中的核心玩法，将快乐传递到喜爱回合制游戏的玩家手中，还是那句肉麻的话，你们的支持，便是我们《大话白蛇》前进的动力，让我们下期再见咯，拜拜~~
　　《大话白蛇》手游，给你不一样的白蛇传说！

　　大话白蛇游戏官网：https：//dhbs.demigame.com/

　　大话白蛇游戏官方Q群：730903773
  
 97973手游网声明：97973手游网登载此文出于传递更多信息之目的，并不意味着赞同其观点或证实其描述。"
经典美猴王重现 《大圣轮回》X六小龄童先生全新宣传片首曝,2019-12-02,97973手游网,"12月2日，四九游戏旗下西游IP大作《大圣轮回》推出全新资料片，上线了齐天大圣、斗战胜佛两套新时装，游戏内众多与代言人的联动，更是引发了广大玩家的热议。而此前曝光的双方合作完成的全新品牌宣传片《西游路漫漫》，如今终于展露真容，让玩家再次目睹荧屏经典美猴王的飒爽英姿！

　　回到西游世界 唤醒西游情怀

　　品牌宣传片《西游路漫漫》
　　作为著名表演艺术家、经典电视剧《西游记》主演、家喻户晓的西游文化“齐天大圣”六小龄童先生，在《西游路漫漫》影片一开始，便以潜心阅读古典文化书籍的姿态登场。这时突然手机一亮，一道金光闪过，故事的主角恍惚间便进入了西游世界里，腾云驾雾，化身为齐天大圣孙悟空，手握金箍棒，来到了《西游记》中的经典场景花果山，充满惊喜的同时代入感十足，让人不禁回想起经典央视版《西游记》的片段。
 品牌宣传片《西游路漫漫》剧照
品牌宣传片《西游路漫漫》剧照
品牌宣传片《西游路漫漫》剧照
　　亲自引导收徒 传承西游文化
　　“大圣”回到花果山之后，以旁观者的形式点评、引导龙将（东海龙王之子）收受小猴子为徒弟。“每一种文化都需要传承，老一辈的经验要为新生代指出正确的道路”，六小龄童先生用颇有哲理意味的语句教导龙将，将西游文化好好地传承至下一代，而龙将受点拨之后也发出了“西游修行路漫漫，吾将上下而求索”的感慨。
 品牌宣传片《西游路漫漫》剧照
　　从中也可以看出四九游戏及旗下《大圣轮回》对于融合传统文化的努力：游戏与传统文化的融合最终还是回归到“用户”本身，要让传统文化延伸出符合新时代、贴近当下生活哲理的意义，才会引起玩家的广泛共鸣。
　　全新资料片上线 圆你大圣梦想
　　在已经上线的全新资料片中，代言人六小龄童先生也与《大圣轮回》进行了更深层次的联动。游戏重磅推出了“齐天大圣”、“斗战胜佛”两套大圣主题时装，对于前者，新手玩家登陆即可免费领取，而后者则需玩家在跨服争霸活动中崭露头角方可免费获得。

　　此外，游戏内还配合更新了大圣版本主题加载页，成就系统也添加了西游之路的引导内容，玩家完成之后将会获得相应赠礼。这一系列游戏内联动与游戏外的代言宣传相呼应，给予玩家完整的西游文化新体验，快进入西游世界与大圣并肩作战吧！

  
 97973手游网声明：97973手游网登载此文出于传递更多信息之目的，并不意味着赞同其观点或证实其描述。"
生动的故事，无尽的特色，《大话白蛇》介绍篇,2019-09-26,97973手游网,"嘤嘤嘤~各位老爷仙女们大家好，又到了与小编儿周周见的唠嗑时间啦，在之前小编儿对《大话白蛇》中的一些场景、人物、模型等等做了一系列的简要曝光后收到了不少小伙伴私信，他们希望这期的周周见能将游戏的特色、故事背景、主线的介绍也给补充补充，迫于大家的“淫威”之下，小编儿我也只能谦卑的说一声“好的好的”既然大家这么关注我们《大话白蛇》那小编儿更要满足大家的愿望了，请大家系好安全带！车灯已经闪烁，职业车手带你下山！
　　2019白蛇传题材回合制手游《大话白蛇》即将要与大家见面啦，丰富的游戏内容与梦幻的人物场景，许仙与白素贞的爱情从这里出发。重游西湖，跟随许仙一起开启拯救三界之旅！

　　游戏特色：
　　1、精密计算，最强大脑：六大门派，相互制约，5v5团队战斗，N多种技能阵法计算搭配，运筹帷幄之中决胜千里之外。战斗中你将运用你的智谋做出预判，掌控战局！
　　2、不是一个人的游戏：帮派、师徒、婚姻，情侣双飞甜过初恋，花前月下西湖相见，在这里，你是这条湖除我以外最靓的仔！
　　3、回合经典，你会很忙：剧情、副本、帮战、捉鬼、降妖除魔……在这里，你会很闲？这是不存在的。
　　4、自给自足，勤劳补给：挖宝图、开宝箱、翻翻乐、打工与贸易，靠自己的双手也能打出一片天。

　　游戏设定：
　　故事背景：
　　时值人界朝代更迭，强大的大唐帝国被大乾皇帝取代，魔界最强者九幽魔帝认为众生争战不休，使三界战乱不止，必须毁灭一半生灵，然后开创新纪元。仙界至尊道祖试图阻止，却未能成功，在此状态下，道祖与魔帝定下赌约，打散九世好人许仙的魂魄，道祖如能将许仙失散的魂魄收集，魔帝便将收回灭世的决定。主角被道祖选中为许仙的守护者，帮助许仙收集七魄。“无私的爱、刻骨的恨、甜蜜的情、执著的仇”一次次的历险，眼看着飘散的七魄即将收齐。西湖之畔，白素贞为报前世之恩，苦苦寻觅着小牧童。生死之局，何去何从……
　　怎么样？ 这样的故事背景能否打动你内心想要驾驭手游《大话白蛇》的欲望呢？别急别急，游戏的主线也很精彩！

　　主线剧情：
　　守护者奉道祖之命下山帮助许仙找回失去的七魄，破谜案、体验人间疾苦，帮助许仙寻觅佳人，最终将许仙七魄收集完整，待以为这是一个完美的结局，却不知这又是另一场灾难的开始，当年赌约成一纸空谈，一场新的变革又将降临，一波未平一波又起，天上地下最强魔头九幽魔帝将率领他的魔族部队又会开始怎样的行动？人、仙、魔、三界众生又该如何抉择？新的风暴已经出现，谁又能将它化解……
　　好了各位老爷看官，你们想要知道的内容，小编儿今天就跟大家伙说到这儿了，虽然这些只是我们《大话白蛇》的一部分内容，但是在上面小编儿所诉的内容中我想大家也一定对我们《大话白蛇》的故事内容有了一定的了解，大家要想了解更多官方资讯，请持续关注手游《大话白蛇》官网，独家揭秘，爆料不停！挥挥~~
　　《大话白蛇》手游，给你不一样的白蛇传说！

　　大话白蛇游戏官网：https：//dhbs.demigame.com/

　　大话白蛇游戏官方Q群：730903773
  
 97973手游网声明：97973手游网登载此文出于传递更多信息之目的，并不意味着赞同其观点或证实其描述。"
霸榜全球游戏榜单 《汤姆猫炫跑》今日全平台公测,2019-09-27,97973手游网,"霸榜全球游戏榜单的跑酷大作来了！沿袭“会说话的汤姆猫家族”正统IP，由原班人马倾力打造的《汤姆猫炫跑》今日开启全平台公测！首次推出的超级英雄跑酷主题，让你在汤姆猫的世界里体验飞檐走壁最酷英雄风，解救同伴拯救世界！

　　这个世界需要你来拯救！
　　作恶多端的浣熊又来搞事情了，无恶不作的他，这次的目标竟然是要毁灭世界，还掳走了安吉拉他们！正义的汤姆猫决定披上战衣，与邪恶势力抵抗到底！引人入胜的开篇剧情，全新的跑酷体验，加上趣萌的3D画风，《汤姆猫炫跑》你绝对不能错过！

　　变身英雄用跑酷夺回一切！
　　IP系列首次超级英雄的跑酷主题，一定让你大呼过瘾，满足你的英雄情结！在《汤姆猫炫跑》中，你可以飞檐走壁穿梭在形色各异的街头，加速前进、灵活躲避，利用你高超的跑酷技术一一闯过那些色彩斑斓的障碍，收集金币。打倒路上遇到的浣熊并升级你的英雄装备，和汤姆猫一起拯救世界吧！

　　解救伙伴解锁城市靠你了！
　　在《汤姆猫炫跑》的世界里一路狂奔吧！跑得越远，得到的金币和奖励就会越多！在游戏里，你需要用金币去解锁地图，重建被可恶的浣熊掠夺的城市，让它们重焕生机。请记住，一个人的力量是有限的，即使你是个英雄，所以去拯救被浣熊囚禁的正义伙伴吧，壮大你的超级英雄队伍！

　　颜值实力兼具carry全场！
　　作为超级英雄， 想要吊打浣熊大盗，除了实力，颜值也要跟得上！会说话的汤姆猫家族全副武装上阵，帅气的激光战衣、拉风的斗篷、神秘的蒙面眼罩，用颜值和实力去carry全场吧！除此之外，还可以通过解锁宝箱来获取英雄们的其他炫酷皮肤，太棒了！

　　《汤姆猫炫跑》今日全平台上线，化身超级英雄，一起来拯救世界吧！
  
 97973手游网声明：97973手游网登载此文出于传递更多信息之目的，并不意味着赞同其观点或证实其描述。"
龙族幻想上线，等了好久终于等到今天,2019-07-18,97973手游网,"也不知道从什么时候起，手游圈里突然刮了一阵求马风。而“老铁，有马吗？？？”这句话，也在不知不觉中渗透进了手游圈子的各大阵地。究竟是什么马让这么多人猛磕上头，是汗血宝马还是乌骓黑马，亦或者是国宝马踏飞燕？咱也不敢问，咱也不敢说，只知道等发现的时候，周边的朋友就已经变成了复读机，此起彼伏的“有马吗”真是让人头大。
　　而在今天，这个谜题终于找到了答案，原来这句话的起源在这里！



　　此码非彼马，实在是在下孤落寡闻了。那么龙族幻想究竟是凭借什么，在一众暑期手游之中一跃成为最亮眼的那匹黑马了呢？今天就给你们好好掰扯掰扯。

　　首先来说说它的IP，这游戏就是根据X南老贼的小说《龙族》改编而来，庞大而又完整的世界观本就是一大亮点，更何况这本书又陪伴了一代人的成长，情怀上也是难以割舍的；游戏中在高度还原原著的同时也做到了超高自由度的游戏体验，具体在这不做剧透，亲自上手自然什么都明白了。

　　作为一款mmoRPG，龙族幻想的捏脸系统也称得上是业界良心！不同于有些游戏的生搬硬套，在龙族里玩家完全可以根据个人喜好进行外貌调整，甚至连面部的数值也可以进行调整~贴心的考虑到了手残玩家的需求，可以一键导入捏脸ID，妈妈再也不怕我手残捏出鬼啦！
　　当你完成角色创建进入游戏的一瞬间，就会发出一声感慨：这真的是手游而不是端游吗？画质极其精美甚至可以说是惊艳！从一草一木、天气、服装等细节之处，便可以感受到开发者的用心。

　　极光、雪地、落日。。。。。。随手一截就是一张屏保！在下雨时如果不及时打伞，能看到衣服被逐渐浸湿的变化，而倒霉点的孩子还有几率会在平地处被雷劈倒。（别问我，我没有，我不是）你以为只是这样就结束了吗？不，并没有，在不同的天气去下本还会得到不同的结果！所以，真·出门打本要看天气。

　　在这个游戏中，我最沉迷的一件事就是去抓娃娃，谁能想到一个手游竟然让人产生了平行世界的错觉呢？你可以在这里抓娃娃、打篮球、去自动贩卖机买饮料、甚至游乐场里的所有设施都是开放且可体验的！这可真真的是游戏初体验了！
　　至于想让人吐槽的点，自然也是有的，那就是。。。。。。。听说满级才是游戏的开始！！！好了，不说别的了，去肝满级了，勿念
  
 97973手游网声明：97973手游网登载此文出于传递更多信息之目的，并不意味着赞同其观点或证实其描述。"
《大话白蛇》特色玩法，好玩不只是战斗！第二弹,2019-10-16,97973手游网,"Hello各位老爷仙女你们好呀！我是《大话白蛇》手游的小编儿，即上回跟大家分享了主打“可爱俏皮萌”的游戏小玩法后，小编儿我呀又在游戏中发现了另外一片“新大陆”。为了前后呼应，小编儿暂且将之称为“狂拽酷炫刚”的硬核玩法，想要知道他们都有哪些丰富的内容吗？跟着小编儿一起来打开它那未知的世界吧！
　　惊艳玩法，宠物元神梦幻觉醒！
　　宠物元神在游戏中分为天、地、乾、坤、阴、阳，每种元神添加的属性都各不相同，元神属性中包含防御、物理伤害、法术伤害等多种属性。元神觉醒后的宠物根据激活相应的套装，然后将其放置在属性格中就可以获得额外的共鸣属性加成啦。元神系统玩法开启后，玩家可直接打开宠物的属性界面，由此进入元神激活的窗口，玩家所需的元神可以通过无间炼狱、幻魔古刹副本中获取，副本分为1-10层，越高等级的副本难度越高，当然所获得的元神品质也就越好，想要获得极品的元神，战斗之前可千万要做好充足的准备哦。

　　羽化登仙，仙羽系统震撼来袭！
　　在我们回合制手游《大话白蛇》中，仙羽翅膀作为一个“门面担当”不仅能够让角色本身变得更加闪烁迷人，还能够给到角色增加源源不断的属性，游戏中的翅膀不止一种，随着对翅膀进行幻化，各种各样靓丽的仙羽翅膀也会相继出现。

　　还有哦！仙羽模块在游戏中每提升1级，增加一点的仙羽天赋，仙羽天赋中有4个天赋技能可供玩家进行选择，包括杀伐、通灵、禁道、慈悲，提升不同的天赋等级，会获得不同的属性加成，让你的实力更加强大。
　　赚钱利器，押一镖挨一刀，包你想挨第二刀！
　　最近我们《大话白蛇》又多了一个比较趣味性的玩法—押镖活动。这个活动不仅可以单人押镖，还可以组队押镖。在押镖的途中你会遭遇到劫镖的强盗来抢劫你的马车，这你能忍？抽出40米长刀就干，让强盗先跑39米都不带怕的。

　　押镖的规则前面有说了，可分为单人与组队押镖，押镖的过程中大概率都会遇到强盗突袭，通常情况下是1-2次，但是也会出现因为场景太近完全不遇怪的情况出现），每次战斗失败，玩家会损失缴纳的押金。如果最终成功运镖到目的地，则可以获得不菲的铜币奖励。这个玩法也算是平民玩家的一项赚钱利器。
　　好啦各位，本次给大家介绍的手游《大话白蛇》上下两篇即是小编儿这些天来玩过比较有意思的玩法啦，当然这只是玩法中的一个冰山一角，要想了解更多《大话白蛇》的新闻资讯，请一定要持续关注我们哦，那么，下期见啦！
　　《大话白蛇》手游，给你不一样的白蛇传说！

　　大话白蛇游戏官网：https：//dhbs.demigame.com/

　　大话白蛇游戏官方Q群：730903773
  
 97973手游网声明：97973手游网登载此文出于传递更多信息之目的，并不意味着赞同其观点或证实其描述。"
手机玩游戏汇聚澎湃性能的源泉 骁龙芯尽享电竞之趣,2019-07-23,97973手游网,"现在用手机玩游戏在年轻人生活中的地位越来越重要了，评价一款手机，玩游戏的性能已经成为不可避免的必谈话题。要想获得出色的手机玩游戏体验，一款强大的手机芯片是必不可少的。高通“骁龙芯”以其强悍的手机玩性能一直备受各大厂商和玩家的肯定。骁龙855作为目前安卓阵营顶级的手机芯片，在性能、连接、以及AI方面都能为手机玩游戏的用户提供澎湃动力，让玩家尽享酣畅淋漓的手机电竞之趣。

　　在前不久鲁大师发布的“2019上半年手机性能排行榜”上，搭载骁龙855的手机承包了榜单。红魔3电竞手机、黑鲨游戏手机2、One Plus 7 Pro、One Plus 7、三星Galaxy S10+、OPPO Reno 10倍变焦版、vivo iQOO Monster、小米9透明尊享版、联想Z6 Pro、魅族16s均上榜。那么，这些搭载骁龙855的旗舰机型和专业游戏手机，在手机玩游戏方面到底有何过人之处呢？
　　喜欢手机玩游戏的朋友们都知道，游戏对于手机硬件而言是一项需要调用各方面组件进行处理的复杂任务。首先，对CPU的运算处理能力就有着较高的要求，尤其是一些运算负荷大的手机玩游戏场景中。骁龙855基于台积电的7nm制造工艺打造，更先进的制造工艺意味着更低的功耗，实测数据显示骁龙855功耗相比845降低了20%，不仅减少了手机玩游戏过程中的发热和卡顿，而且续航能力也有大幅提升。另外，骁龙855采用了1个超级核心+3个性能核心+4个效能核心的三丛集设计，CPU不同核心之间的性能功耗等级细分更加多样化，随之而来就是更加优秀的CPU功效。高通骁龙855的CPU性能比845提高了45%，是骁龙系列的换代提升之最。如此强大的CPU，当然为手机玩游戏体验提供了最专业的基础性能保障。
　　其次，对于手机玩游戏的性能，手机GPU也是非常关键的部件。GPU就是主要负责手机玩游戏时画面图形渲染的核心硬件。在GPU方面，骁龙系列一直领先于行业水准，骁龙855进一步巩固了领先地位。骁龙855的GPU升级为更加强大的Adreno 640，相较于上一代旗舰有着近20%的性能提升。同时，Adreno 640增加了PBR（基于物理渲染）相关工作支持，能在画面渲染时产生更好的效果和更低的功耗，带来不同以往的手机玩游戏视觉效果，让游戏中的材质纹理和光线的反映反射如同真实世界一般，打破了现实与虚拟世界之间的视觉界限，让手机玩游戏体验更具沉浸感。
　　不仅如此，骁龙855还是首款完整集成Snapdragon Elite Gaming体验的平台，支持true HDR（超过10亿色）电影级分级调色、电影级色调映射以及手机端游戏4K视频输出等一整套手机玩游戏的顶级特性。尤其是支持Vulkan 1.1图形API，这对于手机玩游戏的用户再熟悉不过，它能为游戏启动速度以及流畅度方面带来很大的加持。可以说，骁龙855所搭载的Elite Gaming综合实现了无与伦比的性能、电影级的图形和持久的电池续航，在手机玩游戏时为玩家带来游戏体验加分。Snapdragon Elite Gaming的出现让骁龙855的游戏体验再一次升级，让骁龙855更坚实地成为今年游戏手机以及几乎所有旗舰手机的首选。
　　众所周知，像《王者荣耀》、《和平精英》这样的手机游戏，都是需要联网的多人在线网游，因此网络连接的稳定性至关重要。骁龙855内置骁龙X24 LTE调制解调器，最高支持2Gbps 的下行速率。此外，骁龙855还优化了WiFi的连接，支持 6-ready 和 802.11ay协议，无线最快的连接速度可达到10Gbps。Snapdragon Elite Gaming平台也加入了游戏网络时延管理，并搭载了业界首个基于11ay的60GHz Wi-Fi，在手机玩游戏时能够降低网络延迟，避免因网络而出现的游戏卡顿。
　　除了强悍硬件实力和连接能力，骁龙855移动平台的AI能力也相当出众，为手机玩游戏解锁更多新技能。骁龙855配备的第四代人工智能引擎AI Engine继续沿用高通异构计算架构，通过CPU、GPU、DSP三者协同，充分发挥硬件计算特性，并在Hexagon 690 DSP中集成了一个张量加速器，对AI性能进行专有的硬件加速，提高AI运算效率，加速AI场景下的应用体验，为手机玩游戏带来更加智能的新奇体验。
　　我们来看看，在如此强大的骁龙855加持下的一加7 Pro有着怎样的游戏性能表现。在玩《王者荣耀》手机游戏时，一加7 Pro可以将所有画质选项全部打开，全画质下一整局游戏玩下来，体验十分流畅，游戏全程没有任何帧数的波动，总是运行在60帧的天花板上。
　　而从CPU频率来看，手机玩游戏过程中，骁龙855的CPU大核并没有完全发挥，手机的发热只是比皮肤温度略高，完全在舒适的范围内，卡顿降频之类的更不存在了。值得一提的是，一加7 Pro还与QQ飞车合作推出了相应的高刷新率版本，而高通骁龙855移动平台又在其中始终提供了强劲的性能保证——Adreno 640 GPU、Kryo 485 CPU和Hexagon 690处理器组成的高通第四代AI Engine会在游戏过程中始终侦测帧数的表现，确保手机游戏运行的过程中始终维持在超乎想象的90帧。
　　骁龙芯可以说是手机玩游戏汇聚澎湃性能的源泉。高通骁龙855作为目前顶级的手机处理器，游戏实力实属不俗，在CPU、GPU、AI等多个方面性能都有了跨越式的提升，能够在手机玩游戏时提供更好的游戏帧率、更创新的游戏AI应用、更出色的视觉特效以及更智能的手机玩游戏体验，可以说是手机玩游戏的极佳选择。
　　如果是手机玩游戏的重度玩家，或者以手机的游戏性能作为购机指标的用户，搭载高通骁龙855的旗舰机型以及专业的游戏手机就非常值得入手，这些各具特色的手机，可以根据喜好轻松挑选。
  
 97973手游网声明：97973手游网登载此文出于传递更多信息之目的，并不意味着赞同其观点或证实其描述。"
虎牙自制综艺《酒后探真言》即将上线 彩虹屁中爆笑吐槽,2019-07-01,97973手游网,"随着高考、中考、期末考等大大小小的考试结束，广大学生党们迎来了一年之中最幸福的暑假。那么，更为广大的非学生党们也别失落，虽然你们不仅没有暑期，而且还要顶着烈日工作，但是这里有一个好消息告诉你们：虎牙自制的一档社交游戏话题讨论类综艺节目《酒后探真言》即将在7月6日晚8点在虎牙660261首播，每周六更新，爆笑陪伴整个夏日！

　　这档由趣味社交APP《皇上别杀我》冠名播出的暑期综艺节目，主要展示了当代年轻人日常交往中令人难以捉摸的“夸x吐槽”的沟通方式，将网络流行的“夸夸群”搬上大屏幕，来一场真人面对面版“夸夸群”！但是，在“夸夸酒馆”里要注意的一点是：不是所有的夸都是真的夸，这里危机四伏，稍不留神就被吐槽。当彩虹屁、土味情话遇到内涵吐槽的时候，又会迸发出怎么样的语言艺术呢？

　　区别于目前市面上较火的几档语言类综艺节目，如《吐槽大会》是让节目嘉宾接受吐槽与自嘲来表达“吐槽，是一种年轻的沟通方式”的宗旨、《饭局的诱惑》是通过饭局和游戏诱惑明星嘉宾大胆地说出在别处不敢分享的真心话，《酒后探真言》则是一档将“夸”作为主旨的节目，虽然表面上和和气气你夸夸我我夸夸你，实际上却暗“槽”涌动。将“商业互捧”“彩虹屁”“土味情话”等年轻人流行的语言艺术融合在一起，并在其中加入”吐槽“成分，形成新型的语言文化，让人一时间不知道自己是在被夸还是在被吐槽。符合当代年轻人社交方式：在互夸互黑中增进彼此友谊。

　　《酒后探真言》的“夸夸酒馆”由5名固定嘉宾与每期1名飞行嘉宾以及2位飞行嘉宾的好友责成。固定嘉宾们的营业需求就是秉承着飞行嘉宾“被夸一时爽，一直被夸一直爽”的服务宗旨，对飞行嘉宾进行“夸夸服务”。
　　据说第一期的嘉宾阵容就让人十分期待，金牌主持袁成杰、满身是梗的骚男以及老大哥拉风龙等知名主播。节目场景设置是朋友的日常聚会，以轻松休闲的方式，让朋友们在“夸与被夸”、“吐槽与被吐槽”之间卸掉伪装，以坦诚乐观的态度来爆料生活趣事，调侃生活压力，向观众展现明星及主播未曾展露的一面，通过个人映射出社会话题引发观众思考与共鸣，从而传递正确价值观。更多精彩内容，请大家持续关注虎牙直播660261为大家带来的《酒后探真言》！
  
 97973手游网声明：97973手游网登载此文出于传递更多信息之目的，并不意味着赞同其观点或证实其描述。"
哪吒已经长大，《朝歌封魔录》本月封测，哪吒助战东海龙族,2019-08-14,97973手游网,"《哪吒之魔童降世》引发了一股国风神话热潮，各大动漫，漫画，同人平台纷纷推出萌丑哪吒的新作品。仙侠手游《朝歌封魔录》同样在筹备关于自己的哪吒故事，据这款游戏的宣发人员介绍，作为一款封神题材的游戏，哪吒是必不可少的人物，开发人员正在考虑为哪吒定制一套全新的故事和形象。

　　作为一款神将收集游戏，《朝歌封魔录》打造的每一个神将均保留其初始元素，在神将使命，神将故事，神将特性，神将技能等方面进行了二次创作改编。力图让游戏中的每一个神将都有血有肉，个性鲜明。

　　封神演义中的诸神，不同的出身，不同的遭遇，历经磨难之后终于走上了封神之路。众神之神的姜子牙，是《朝歌封魔录》游戏中的彩蛋大神最终出现。召唤出姜子牙的玩家，距离登顶仅一步之遥。

　　游戏的开局，大家讲接触到几个比较陌生的神将，如黄帝三大臣之一的力牧就是其中之一。我们都知道黄帝打败了蚩尤，却不清楚，在涿鹿代表黄帝出战得胜的大臣就是力牧。封神录中为力牧打造了狂乱，号令反击等技能，就是根据人物特征设定的。

　　正在开发中的神将哪吒是游戏中的以为核心神将，拥有极强的原始爆发力和后期培养潜力。在《朝歌封魔录》中，哪吒也将于东海龙宫三太子熬丙产生各种各样的关联，魔丸和灵丸结合后爆发出能量惊人的混元之力，两者都是这款游戏中极为重要的武将。

　　在故事设定上，《朝歌封魔录》将采用传统哪吒的设定与新的玄幻故事设定相结合的办法，既有哪吒闹海的故事，又有哪吒协助熬丙大战东海群妖，合力修复东海封印等情节。不知道大家是否期待这样一款东方神话游戏呢？来吧，携手问道，朝歌封神。
  
 97973手游网声明：97973手游网登载此文出于传递更多信息之目的，并不意味着赞同其观点或证实其描述。"
敖丙：我要和哪吒一起玩《朝歌封神录》，申公豹：成...,2019-08-15,97973手游网,"近日，《哪吒之魔童降世》票房再创国漫新高峰，叛逆的哪吒吸粉无数，说话结巴的申公豹让人忍俊不禁。仙侠手游《朝歌封魔录》即将迎来封测，作为一款封神题材全新手游，自然少不了这几尊大神，开发人员也在考虑为哪吒定制一套全新的故事和形象。

　　《朝歌封神录》封测在即，哪吒敖丙组队来玩
　　为了迎接《朝歌封神录》封测，哪吒敖丙可是等不及了，来看看师傅申公豹是怎样说的？
　　敖丙：师傅，《朝歌封神录》封测开启了，我要和哪吒一起升仙。
　　申公豹：成。。。
　　敖丙：谢谢师傅。
　　申公豹：成。。。何体统！

　　敖丙：师傅，听说《朝歌封神录》里可以解封哪吒招募麾下，你要不要收他为徒。
　　申公豹：要。。。
　　敖丙：师傅真是大气。
　　申公豹：要。。。要不起。

　　敖丙：师傅，能帮徒儿下载《朝歌封神录》么？
　　申公豹：不。。。
　　敖丙：徒儿知错。
　　申公豹：不。。。不用下载，点开就。。。就能玩。

　　《朝歌封神录》神将系统，排兵布阵由你定
　　在故事设定上，《朝歌封魔录》将采用传统哪吒的设定与新的玄幻故事设定相结合的办法，既有哪吒闹海的故事，又有哪吒协助敖丙大战东海群妖，合力修复东海封印等情节，力图让游戏中的每一个神将都有血有肉，个性鲜明。

　　在本次《朝歌封神录》删测中，玩家还能体验到神将组队的玩法，不同的技能搭配会为你的战斗带来不一样的乐趣，神将听命，排兵布阵由你定！
  
 97973手游网声明：97973手游网登载此文出于传递更多信息之目的，并不意味着赞同其观点或证实其描述。"
和平精英冬季带你感受体验服 震撼丧尸模式今夏来袭,2019-07-03,97973手游网,"在这个炎热的夏季，相信已经有许多小伙伴跟小编一样，进入不开空调活不下去模式，恨不得一天24小时都能吹着凉凉的空调，再吃上一个冰镇西瓜。最近，《和平精英》也入了夏，然而想要在战场上拥有空调是件不可能的事，于是游戏团队想出了一个妙招为各位精英们送上清凉，那就是推出——“暗夜危机”模式。接下来就让虎牙“一姐”冬季，来带大家在体验服感受一下这个能让你感到背后发凉的模式吧！

　　在游戏还未开始之前，冬季就简单粗暴地告诉我们，暗夜危机模式其实就是丧尸模式，我们在此模式下会与丧尸进行战斗，是不听起来就很刺激呢？

　　只见冬季刚刚落地，就撞见一个大胖子丧尸，这身材，这气势，一看就不好惹，如果拿枪与他硬刚必是凶多吉少。于是，冬季灵机一动，从背包中掏出一个“诱饵手雷”，又称为“小鸡手雷”，这个手雷可以吸引低级丧尸，然后爆炸，让你在不靠近丧尸的情况下，轻松取走他的小命。

　　这时，就会有胆小的小伙伴们紧张起来，丧尸这么容易遇见，那么暗夜危机模式会不会很恐怖呢？冬季告诉我们，恐怖是贼恐怖，但肯定在我们的心理承受范围内，比较恐怖的地方就在于丧尸“咚”的一声出现的时候以及游戏的音效。小编建议，如果你的胆子比较小，最好不要在夜深人静时打开该模式，否则可能会有种行走在恐怖片当中的感觉！

　　别以为打倒了路边的丧尸和敌人就算取得了比赛的胜利，在该模式下，我们还会随机遇见Boss级丧尸，这种级别的丧尸非常难对付，需要大家静下心来与他满满周旋，而且当天色逐渐暗下来时，可怕的丧尸群就会出现，枪法过硬的冬季就一人单打独斗了丧尸群许久，当冬季打丧尸打到一半时，突然发现还有丧尸狗的存在，这狗盯着冬季就是咬，后面还跟着两个丧尸哥们保护它，可真是狗仗人势呀！

　　在暗夜危机模式下，我们如果去一人打丧尸群，肯定是打不过的，就连冬季最后都甘拜下风。所以，冬季这次用亲身实践告诉我们，该模式好玩是好玩，但更需要团队之间的配合，并且自己的枪法也不能差，否则很难存活到最后。
　　看完冬季的体验以后，很多粉丝都留言说想玩，更有“真爱粉”刚看完视频就前去体验服更新体验，看来，冬季不仅游戏专业性强，还具有一定的号召力，《和平精英》将来不愁没代言人，虎牙冬季就是一个很好的选择哟！
  
 97973手游网声明：97973手游网登载此文出于传递更多信息之目的，并不意味着赞同其观点或证实其描述。"
百万福利助力DNF十一周年庆 勇士西装Q币红包免费领,2019-06-25,97973手游网,"“刀斩肉身，心斩灵魂”，GSD的名言伴随800万勇士走过了10个年头。DNF作为腾讯旗下的2D横板格斗游戏，以经典街机网络化的创新理念和玩法成为了全球网络游戏发展史上的一个里程碑。时值DNF十一周年，Hello语音在6月25日特别推出DNF十一周年狂欢活动。不仅有勇士西装、罗技键鼠套，更有海量Q币红包免费送，还有主C大神带你畅游DNF！

　　[DNF十一周年狂欢 福利免费送]
　　活动：DNF十一周年狂欢活动
　　时间：6月25日至7月1日
　　奖励：海量黑钻、勇士西装、Q币红包。
　　领取奖励方式：下载登陆Hello语音，参与周年庆特别活动，即可领取黑钻、游戏道具等福利，更有每天三次免费抽奖机会。玩家还能在DNF特权专区兑换丰厚的游戏道具。
　　[三重福利 助力勇士决战阿拉德]
　　一重福利见面礼：登陆即领三天黑钻、星空裂缝通行证
　　二重福利勇士认证奖励：完成勇士认证任务（累积三天登陆）即可领取勇士认证礼包，续领三天黑钻、Hello语音精美座驾。
　　三重福利奖品免费抽：每天三次免费抽奖机会，奖品包括品牌西装、罗技键鼠套、赛丽亚Q版手办、海量游戏道具；更可集卡兑换价值200Q币的DNF夏日套助力红包。
　　全员助力勇士集结里程碑任务，可以为“夏日套助力红包（200Q币）”兑换池增加名额，每位助力勇士还可以领取里程碑任务的全员奖励。
　　[主C大神空降Hello 带你畅玩DNF]
　　活动期间，Hello语音特别邀请了主C大神，带玩家一起畅玩DNF。届时，进入DNF接待房，还能参与精彩在线活动。
　　荣耀征途，永不落幕。Hello语音始终竭诚为每一位游戏玩家带来最好的开黑体验，长期送出游戏道具及精美福利。更多精彩活动，请关注@Hello语音 官方微信公众号和新浪微博了解。
  
 97973手游网声明：97973手游网登载此文出于传递更多信息之目的，并不意味着赞同其观点或证实其描述。"
《大话白蛇》华丽座驾，一骑在手，把妹我有！,2019-09-20,97973手游网,"各位仙女老爷们好！即上次的六大角色透露分享之后，《大话白蛇》梦幻回合手游重磅推出华丽座驾模块，坐骑系统可谓是所有游戏中的灵魂所在，作为游戏中增加玩家造型与属性的利器，还能让你在游戏中增加另外一个标签“有车一族”坐骑的外观不仅酷炫，而且还能给人物增加而外的附加技能与属性，有趣的坐骑养成让你感觉自己就像是饲养一只贴心的宠物一般，说了那么多，你是不是已经想将坐骑领回家了呢？
　　萌兔：软糯又实用。

　　《大话白蛇》手游陆地坐骑“萌兔”前脚生有一双小翅膀，再加上人畜无害的可爱外形，是不是早已将你萌出一口老血？但可不要被它的外形给蒙蔽了，其实萌兔可是一头来自妖族的战兔，不仅通晓人性，而且一旦到了战场上就像一只脱了缰的野马，所向披靡！将这样一头坐骑放置身边，你想没有回头率都难！
　　画卷：雍容华贵

　　画卷作为游戏中高贵的坐骑存在，尽显它的奢华气质。“画卷”本是天帝书房中的圣卷，生死裁决都会记录在它的身上，后因天官疏忽而将它遗落人间而成为修真者梦寐以求的宝物。画卷远观像卷轴，近看像一张泼墨的画卷，其中蕴含的多少神通无人能知。
　　翻云鲤：红鲤鱼与绿鲤鱼与驴！

　　翻云鲤作为坐骑中又一种仙家之物而备受关注，首先是其拥有独特的“布灵布灵”闪烁外形与特殊的飞行方式，即可高空飞行也可切换与其他陆地坐骑一样低空滑行，高空飞行可以穿越地形障碍，达到场景畅通无阻的能力。翻云鲤本是观音菩莲池里的一条金色鲤鱼，每日听菩萨诵经念佛，通晓人性，能给乘骑者带来好运，是一条货真价实的“锦鲤”。
　　在手游《大话白蛇》的世界中，其实每一个单职业玩家都可以在自己37级后领取到一只强力坐骑，这只坐骑不仅是你的代步工具，若能好好培养，在属性、技能方面会给你带来意想不到的效果。当然啦！除了赠送的坐骑以外，我们大话白蛇中的其他坐骑也是千姿百态，超能各异，小编儿就不再一一介绍了，因为你们才是它们真正的主人，加入《大话白蛇》手游，通过不同的培养方式，让它们早日能够成为你的左膀右臂！
　　《大话白蛇》手游，给你不一样的白蛇传说！

　　大话白蛇游戏官网：https：//dhbs.demigame.com/

　　大话白蛇游戏官方Q群：730903773
  
 97973手游网声明：97973手游网登载此文出于传递更多信息之目的，并不意味着赞同其观点或证实其描述。"
秀色可餐的猫系厨娘《精灵食肆》美女玩家COS,2019-09-23,97973手游网,"精灵食肆是一款绮幻美食经营手游，游戏中，玩家将成为一座飞行餐厅的店长，和各种好看的厨娘、厨师、店员一起经营餐厅，将新鲜美味的温暖感动带到世界的各个角落。精美的立绘和动人的配音，让很多店员都成为玩家的心头好，最近，美女玩家（微博@软软妹妹爱你哟）就为《精灵食肆》出了一套精美的月铃大小姐COS，这是一个温柔中带着性感，又有点腹黑的猫灵厨娘。话不多说，一起来欣赏一下吧：




　　下面是小姐姐的个人介绍和采访：
　　小编：小姐姐好啊，你是怎么和《精灵食肆》这款游戏结缘的呢？
　　软软小姐姐：HI~我是ios一区龙井虾仁的“闪耀软软”，从内测就关注精灵食肆啦。
　　因为我非常喜欢玩模拟经营类游戏，小时候就喜欢玩网站上的那种开餐厅做饭的小游戏，之前的工作也是开甜品网店，一直梦想是能开一家餐饮的实体店！这个游戏正好满足了我开一家美食餐厅的愿望啦。

　　小编：为什么会想到要cos月铃呢，是因为自己和月铃气质比较像嘛？月铃可是有点小腹黑的呢~
　　软软小姐姐：月玲是我非常喜欢的角色，她的人设很吸引人，很多人觉得猫咪=软萌，但月玲是那种腹黑而且毒舌的猫，还有一点小性感，实际上更像喵星人的感觉。
　　我在现实里也是铲屎官，所以对月玲当然情有独钟啦！可我的性格并不是特别像，虽然在cos过程中有尽力的去模仿，但是拍出来被吐槽像兔琉璃来着……


　　小编：当然不会啦，还原度超高的，可以介绍一下cos过程中一些有趣的事情嘛
　　软软小姐姐：比较有趣的事情就是，当时我去拍照的时候，摄影师问为什么这套衣服有两条尾巴，是不是做错了~我跟他说：月玲就是有两条尾巴呀！

　　软软小姐姐生活照

　　关注绮幻美食经营手游《精灵食肆》，还有更多可爱的角色等你发现哦。当然，这里也有很多小姐姐，在新推出的花园功能中，还可以通过送花去撩你遇到的小哥哥小姐姐哦。

 
  
 97973手游网声明：97973手游网登载此文出于传递更多信息之目的，并不意味着赞同其观点或证实其描述。"
超级英雄齐汇聚，26家品牌联动开启《漫威超级争霸战》活动,2019-05-12,97973手游网,"最近漫威粉丝最为津津乐道的话题是什么？如果你回答是《复仇者联盟4》，那你只答对了一半，虽然钢铁侠的离去、新任美国队长的诞生令人在回味中又有些不舍。但是没关系，来漫威正版授权大型手游格斗手游《漫威：超级争霸战》中延续你们超级英雄的传奇。

　　最近更是与多达26个品牌达成了联动活动，动动手指即可参与，奖励却是相当丰厚，身为漫威粉丝的你怎么能不关注一下呢？

　　在淘票票《复仇者联盟4》电影详情页的活动入口，你可以进入到《漫威：超级争霸战》游戏专题页，直接领取到高级英雄水晶等丰厚奖励！说不定你的下一个四星英雄就藏在这个水晶里喔~
　　抖音的视频挑战赛#全漫威村的希望#则为你准备了专属的游戏贴纸，让你瞬间化身超级英雄，打出那个扭转局势的响指！一等奖的现金奖励更是高达一万元，还有罗技方向盘、漫威周边等你拿！
　　不知道游戏怎么玩？大神玩家想秀一手操作？来看看虎牙直播的活动吧！各大主播试玩游戏，让你充分领略游戏魅力，更有直播专区内的众多主播任你选择，如果你也想当上主播秀一把，那就快快加入主播招募活动，罗技GPRO鼠标、美国队长公仔等丰厚奖励拿到手软！
　　互动抽奖、创意视频……无论是你是电影粉丝还是游戏迷，是忠实观众还是视频作者，爱奇艺的这些活动总有一个能满足你，海量京东购物卡、点击即拿免费游戏礼包……没有领礼包的你可要抓紧了！
　　谁才是漫威的终极C位？用你的行动来说话吧！在A站参与最喜欢的漫威英雄投票活动，诸多奖励拿到你手软，罗技游戏外设助你所向披靡，漫威T恤让你成为人群中最靓的仔！
　　立即参与精彩活动！
　　淘票票：独家礼包免费领！http://m.fullspeed.cn/taopp/marvel/index.html?s=dy&spm=dianying.dy.1.1&cityCode=310100
　　抖音：#全漫威村的希望#挑战赛
　　http://v.douyin.com/jqBgN4/
　　虎牙：主播招募活动
　　https：//blog.huya.com/news/11997
　　爱奇艺：视频征集活动
　　http://m-live.iqiyi.com/press/zt/Marvelh5.html
　　A站：《漫威：超级争霸战》人物投票
　　http://activity.acfun.cn/m/mcoc
　　B612：下载APP即可使用钢铁侠头盔贴纸。
　　搜狗输入法：下载APP即可在皮肤界面可以选择游戏皮肤，在表情界面中选择使用漫威表情包。
　　扇贝app：你是漫威里的哪位英雄？

　　智联招聘：在职场里，你更像哪位漫威英雄？

　　征文活动
　　https：//www.toutiao.com/a6687880370135761412/
　　最右APP：谁是你心目中的漫威英雄之王？https：//share.izuiyou.com/detail/120641028？zy_to=wechat&share_count=1&m=84057143b5ce472e7a3614b877ad1e46&app=zuiyou
　　触手直播： 主播招募活动
　　https：//chushou.tv/event/apply/template/mwzbz.htm
　　简书：https：//www.jianshu.com/p/5343a5c2803e
　　18183：http://hd.18183.com/activity/topic-134.html
　　多玩：http://ka.duowan.com/hd_159/
　　网易新闻客户端：https：//c.m.163.com/news/a/EEG3D7JV003198H7.html
　　17173：http://bbs.17173.com/thread-11170124-1-1.html
　　旅法师营地：：https：//www.iyingdi.com/web/article/home/75425
　　掌游宝：http://m.zhangyoubao.com/lscs/gonglue/3265499005251206725?fromGame=
　　当乐网：https：//news.d.cn/activity/72512.html
　　游戏茶馆：5月11日微信开启
　　NGA：https：//bbs.nga.cn/read.php？tid=17154764
　　知乎：https：//www.zhihu.com/topic/20755033/hot
　　即刻APP：https：//m.okjike.com/originalPosts/5ccfdc88af33880018feceb4？username=E11774B0-5548-451A-9280-A6490D59FF6A
　　罗技：https：//logitechg.tmall.com/？spm=a220o.1000855.1997427721.d4918089.5232653cAAwsVN
　　如此之多的活动，是不是让你有些眼花缭乱了呢？这些活动的热度无一不是如火如荼，众多漫威粉丝皆参与其中。无论你是游戏高手、灵魂画手还是攻略写手，或者只是想参与一下相关的讨论，都有活动可以满足你！你可以在活动中赢取丰厚现金、罗技顶级外设、精美漫威周边等奖励。如果你心动的话，就赶快点击链接参与吧，参与的活动越多，获奖概率自然也就越大，祝你游戏玩得畅快，中奖中得开心！

  
 97973手游网声明：97973手游网登载此文出于传递更多信息之目的，并不意味着赞同其观点或证实其描述。"
《大话白蛇》角色抢先看，他们是不是你要找的菜？之第二期！,2019-09-18,97973手游网,"嘤嘤嘤~各位看官安康！小编儿想死你们啦！继上一次我们《大话白蛇》手游人物介绍“剧透”之后，已经有不少看官催更小编儿将剩下的三位主角曝光，行行行，我听你们的，这不今天就带着上次还没有介绍完的剩余角色信息带给你们，小板凳做好！

　　接下来第一位出场的是一位小萝莉。
　　锦梦蝶：女，仙族
　　可选门派：太初、瑶池
　　出身仙界隐世家族，因为身份显赫，会有一些刁蛮任性，经常脑洞大开的想出一些稀奇古怪的点子戏弄仙官，但好在只是性格调皮，没有害人之心，在人们需要帮助的时候也会仗义出手。

　　陌征天：男，妖族
　　可选门派：妖神宫，青城
　　仙妖混血，从小便受尽旁观冷眼，受尽侮辱，因为如此他比常人更加的坚强，又因为自己是混血，身具妖族与仙族的共有特性使自己在同龄人中的实力更为强大，因为他想用实力保护他想要保护的人，让大家都认可他。
　　韶清音：女，妖族
　　可选门派：妖神宫、青城
　　拥有三百年道行的妖族青鱼，从出生起便生活在水中过着无忧无虑的生活，直到妖神东皇太一身陨后妖族开始动荡，原本自由的生活已经不复存在，她该何去何从？接下来等她的又该是什么样的考验？

　　看完了上述的角色介绍，各位看官可觉还行？我们《大话白蛇》手游角色各个身披主角光环，进入战斗后分分钟carry全场。想要知道更多精彩的新闻资讯，请持续关注官网，待小编儿为您解锁更多好玩有趣的新内容，挥挥~让我们下期见！
　　《大话白蛇》手游，给你不一样的白蛇传说！

　　大话白蛇游戏官网：https：//dhbs.demigame.com/

　　大话白蛇游戏官方Q群：730903773
  
 97973手游网声明：97973手游网登载此文出于传递更多信息之目的，并不意味着赞同其观点或证实其描述。"
“国民传奇”联盟成立 传奇游戏将迎新统一,2019-09-17,97973手游网,"据悉，新成立的江西省国民传奇网络技术有限公司（以下简称“国民传奇”）响应国家政策，正在将“传奇”这款风靡中国近20年的经典游戏即将成为第一次获得国家主管部门和地方省政府的大力支持，合法开展《传奇》游戏相关业务的互联网游戏及平台化公司。
　　让许多从事“传奇”游戏的互动娱乐公司获得了国民传奇公司给与的最大的安全感。据悉，落地于江西省宜春市宜阳新区的国民传奇联盟产业园，将引入“传奇”游戏产业的上下游企业，包括研发公司、美术公司、发行公司、大数据相关产业联动等，由此将使江西宜春市获得围绕“传奇”产业开展文创事业的绝对高地，建立“国民传奇”产业生态链。
　　韩国娱美德公司此次也列为被邀约人，与椰子游戏、世纪华通和国民传奇产业园的所有联盟企业共同倡导成立“国民传奇联盟”。目前，“国民传奇联盟”已经携手传奇产业百分之八十以上，包括世纪华通、重庆小闲、安证宝、盛趣游戏、恺英、七酷、江苏三九互娱、中手游、乐逗、龙图游戏、9377、金刚互娱、浙江游码、苏州超娱、天拓等50至100家企业。今后从事传奇游戏的企业只要加入“国民传奇联盟”就将获得国家相关部门、地方政府及相关著作权人统一的授权，安安心心、踏踏实实做产品服务玩家，将积极推进共同著作权所有人——韩国娱美德公司与世纪华通（旗下盛趣游戏是韩国亚拓士公司的控股股东）联合到一起，共同促进传奇游戏IP的进一步发展壮大。

  
 97973手游网声明：97973手游网登载此文出于传递更多信息之目的，并不意味着赞同其观点或证实其描述。"
缘起情深《忍者大乱斗》和你相伴和风之旅,2018-12-28,97973手游网,"结合二次元画风、日本传说故事等题材的日系和风MMOARPG手游《忍者大乱斗》，在前不久开启公测，奇幻神秘的剧情将带领玩家穿梭在唯美的忍者世界!游戏的地图也包含了许多大家耳熟能详的地点，黄泉之国、高天原等日本神话故事中常常出现的地方~极高度还原地图，让你仿佛置身在日本神话之中!
　　【契兽培养，巫女结伴】
　　《忍者大乱斗》为玩家构建起了奇幻的忍者世界和宏大的世界观。在人鬼共存的世界里，妖物频频骚动，魔神即将复活。巨大的阴影笼罩大地，各地都陷入了一片混乱和纷争之中。作为天狗、九尾一族的后人，玩家必须担起重担，救苍生于水火之中!

　　有一说一，笔者在体验游戏之前也很担忧游戏作为亮点宣传的巫女系统跟外面大多数卖人设的手游一样，露胸露腿卖肉论斤，但进入游戏之后，发现巫女的外观设计从可爱萝莉到端庄少女，从活力马尾到兽耳娘，都做的十分讨喜。说是降魔路上的温馨陪伴是最适合不过的了，除此之外，还有贼炫酷的契兽作为坐骑使用，萌萌哒的妖宠提供战斗力加成，让你的降妖过程更加轻松!

　　【花式玩法不重样】
　　除了主线及支线剧情外，《忍者大乱斗》中还有很多有趣的玩法。公会争霸、鬼王挑战、巫女护送、竞技场各种各样应有尽有。比如护送巫女，会在每天的固定时间开启，玩家需要再指定时间内完成巫女护送，根据护送巫女的级别最后护送的奖励也会不同。每天尽有三次护送巫女的机会，运送巫女的级别则是随机的。

　　鬼王副本也是另一个受到玩家喜爱的系统，分为单人和多人组队。鬼王每隔一段时间会刷新，副本会给出级别建议，玩家可以根据自己的情况选择合适的鬼王进行挑战!鬼王的模型制作也做得十分精致，要说可爱有豆洗小君、素草呱哥，说妩媚有清姬蛇女、地狱太伏~都让人不忍下手。但还有一个值得注意的是进入鬼王副本则是游戏的自由区域，在攻打鬼王的时候也要注意别的玩家可能发起的偷袭哦~
　　还有游戏中包办婚姻的大数据匹配对象，更是帮不少玩家邂逅了一段完美浪漫的缘分，结伴同游，让自己降魔的路程不孤单!和风匠心、奇幻鬼魅《忍者大乱斗》等你来约，快叫上小伙伴们一起来吧!
  
 97973手游网声明：97973手游网登载此文出于传递更多信息之目的，并不意味着赞同其观点或证实其描述。"
玄学退散 大话西游手游挖宝技巧新鲜出炉,2018-03-15,97973手游网,"大话西游手游挖宝有什么技巧呢？今天小编就来带小伙伴们一起来了解下大话西游手游近期对于挖宝比较热门的几个问题吧，希望能够给玩家参考下哦！
大话西游手游
　　(1).回梦丹可以修改几世修正，如;我号已经三转，前3世都是女魔修正，想改成男魔修正可以吗?
　　解读;一个回梦丹可以修改全部修正。
　　(2).1-5级OS最高速度是多少(不含宝石的情况下)
　　解读;大致速度如下：1级107速度 2级125速度 3级170速度 4级210速度 5级250速度
　　(3).高级金柳露是不是使用1个就可以修改召唤兽成长率
　　解读;高级金柳露使用数量可以参考普通金柳露数量，两者使用数量一致，有概率提高召唤兽成长率
　　(4).单人杀小妖和组队杀小妖经验对比
　　解读;单人封小妖比组队封小妖经验高
　　(5).单日抢红包设定3千万，为什么还有人一次抢5千万
　　解读;单次抢夺的红包金额可以超出3千万
　　(6).精卫和剑精灵法术问题;如;精卫或剑精灵使用法术后对面是付敏单位或正敏单位是加速还是减速
　　解读;法术描述已经很清楚，无论对方是正敏或付敏，剑精灵都是加速，精卫是减速。
　　(7).1转120级需要多少经验到达2转111级
　　解读;大约10亿经验。
　　(8).冲神兵的几率是多少
　　解读;冲神兵没有几率，只有概率，他是设定的一个值，通常就是百分之多少的把握可以冲上这件神兵。所以冲神兵是没有时间或位置的区分，只有百分之多少的概率可以成功。
　　(9).召唤兽75点修炼需要多少聚魂丹
　　解读;需要380个左右
　　(10). 1-5级神兵链子最高数值(不含宝石)
　　解读;经过本人统计数值为;1级43速度 2级60速度 3级70速度 4级80速度 5级90速度，上下限幅度95%
　　(11).挖高级宝图是否分时间段
　　解答;经过本人玩端游以及参与朋友开发的网页游戏来分析，就和现实买卖补货一样，是有时间段需要把货源补满，至于什么时间段补货这需要玩家自己研究。(本人感觉是晚间0.00分后补仓，刷新物品，至于为什么凌晨5点更新任务，这是考虑玩家的作息时间和游戏的在线率来更新的)当然就算货源充足也不一定出好东西。货源不充足也不一定不出好东西，概率大小而已。
　　(12).强盘强魅惑如何计算
　　解读;推测计算方式为，自身法术熟练度+自身法术熟练度×强法%
　　(13).五行修炼可以单独修炼某一项吗?
　　解读;是可以的，比如你使用变黄金卡 黄金卡自身金五行100，就可以直接单独使用金五行珠子进行修炼，增加的速度初始8%可以提升到16% 。
  
 97973手游网声明：97973手游网登载此文出于传递更多信息之目的，并不意味着赞同其观点或证实其描述。"
大话西游手游神兽玄武怎么加点 玄武加点分享,2018-03-14,97973手游网,"玄武是大话西游手游中的神兽，深受玩家的喜爱，那么大家知道玄武应该如何加点吗?本期豆豆就将为大家介绍一下玄武的加点技巧。
玄武
　　大话西游手游玄武如何加点?
　　全敏加点
　　1.属性：3转全敏加点并且满成长、龙骨、飞升的玄武(下面加点的玄武都是这样的，就不特别说了)速度大概在2300左右、血量12W、法量25W。
　　2.实用性：可以当敏队首发宝宝，2400的速度在男魔速以后换多数敏冰人的法是没问题的，这种加点的玄武可换7万法左右，直接换空敏系控制的法。
　　3.技能：潮鸣电掣、高法、小楼和青面，首发宝宝可以多打化无、高血、将死、做鸟，非首发宝宝可以打高闪、隐身、妙手、仙风。
　　血法加点
　　1.属性：血法加点的玄武速度950左右、血量18W-35W、法量25W-35W
　　2.实用性：生存力比较强的玄武，如果玄武的速度高于对面控制的话就可以选择当首发宠，因为有加血的原因，不需要太担心对面的火力队，30W血量基本不可能被直接一下秒死的。
　　3.技能：涅槃(必选)、高法、小楼、青面、高闪、隐身等都可以，其他的推荐化无、当头。
　　全法加点
　　1.属性：全法加点的速度950左右、血量12W、法量可以超过40W!
　　2.实用性：全法的话肯定是考虑换法了，尤其是男鬼、仙的法，换3个单位11万以上的法轻轻松松，但因为敏捷不够能不能出手又是个问题了。
　　3.技能：涅槃(必选)、高法、小楼、青面、高闪、隐身、化无、当头、高血、吉人都可以。
  
 97973手游网声明：97973手游网登载此文出于传递更多信息之目的，并不意味着赞同其观点或证实其描述。"
大话西游手游男鬼逆天装备赏析 堪比仙器带你飞,2018-03-31,97973手游网,"大话西游手游目前只有仙器鞋子有负敏属性，这对追求负敏的男鬼特别是平民男鬼是一件很忧伤的事情。攒钱买了一阶负敏，你会发现二阶负敏更好用，pk中对方的负敏鬼比你慢,负敏火力比你慢的情况常有发生，高级星的一些职业也比你慢。
　　其实追求负敏和追求敏是一样的，都是需要大量投资的，作为平民男鬼(血系玩家)为啥一定要在一条追不上的路上奔跑呢。负敏的好处我们都知道，但对平民血系玩家来说把大量的资源花在一阶负敏鞋子上的提升是没有资源均匀合理分配提升大的。
　　平民玩家对pk的要求相对较低，主要玩法也就是在pve上，那么如何选一款鞋子来应付pve玩法呢?
　　属性解读
　　血系如果不追求负敏，那么抗性方向估计算是一个大方向了，追求敏的那种敏血系目前暂时不讨论，玩法还不成熟，那么抗性鞋子，高装、神兵、仙器的属性情况怎么样呢?下面看截图：



　　仙器抗性鞋子+30抗、+10%HP，神兵抗性鞋子+32抗、+11.38%HP，高级抗性鞋子+24抗、+5200HP、+19物理抗性，极限是25抗、20物理，但是取极限没有意义，因为这种鞋子基本收不到。
　　先讨论抗性方面，由于目前帮修1点加4物理抗性，那么可以将20物理抗等价与25抗性，前提是职业需要抗物理，那么就是抗性提供上仙器鞋30抗、神兵鞋32抗、高级鞋48抗。
　　再讨论HP方面，基本上平民血系二转120不带鞋子12wHP应该算是比较不错的水平了。那么鞋子的加成有多大呢?那就是仙器鞋子12000HP、神兵鞋13656HP、高级鞋5200HP。高级鞋子还有加法力的这个优势选择，目前没看见百分比加法力的仙器、神兵鞋子。也就是高级鞋子选择加法力的话，考虑两世修正20.5的气血法力加成大概等效于(1+0.2*1.205)×5200=6453。

　　那么在只考虑属性的情况下就是仙器神兵要比高级鞋子少18左右的抗，多6000左右的HP。个人感觉对于平民男鬼来说这18的抗性也许要好点，有属性点的存在6000HP还是相对好获取一点。
　　如果考虑上价格，无论是一阶抗性仙器鞋子，还是4级神兵抗性鞋子我感觉都要比这种高级鞋子贵近100倍。不夸张的说很多区服这样的鞋子很多，300w都是能收到的，了不起1000w以内也能收到了，堪称平民的极品鞋子。
　　如何应付需求负敏的时候
　　1、pve方面。
　　首先对于混队平民玩家，地煞星，心魔等等副本肯定能到哪就到哪，基本随便玩的男鬼都能应付这种难度的pve。
　　对于有固定队的玩家，如果需要挑战比较高的地煞星和副本难度，针对抗性是不错的方法。比如地煞10星及以上，星的男鬼都不是负敏的，目前队里女人变泥巴卡106的速度稳稳得比12、13、14、15星的男鬼慢。
　　如果我方男鬼不负敏也能比星的男鬼慢，那么就只需要考虑星的鬼火伤害就可以了，因为目前星里面是没有负敏仙负敏女人的，只有负敏女鬼。说实话靠一阶负敏鞋子其实在13及以上的地煞星中也慢不过星的女鬼，还是需要抗鬼火的。平民固定队完全可以抗鬼火来保证脆皮单位下回合的存活。
　　星的等级=星级×10+20，也就是12星是140级的，这也就是为什么男鬼不负敏也能比星的男鬼速度慢，星的男鬼等级太高了。当然如果玩家等级高了后比如130级，还杀11、12星还是会出现和星男鬼乱敏的情况，不过不算严重，听说9星男鬼是负敏的，11以前的星都太久没杀了，有数据的伙伴们帮忙补上。
　　不负敏的男鬼们，装备不炼化敏不加速，修正不加速，变减速的卡是足够我们慢过高级星的男鬼的。为什么要慢过鬼，因为星的鬼回血伤害很高，平民队伍很难兼顾高抗鬼火三尸，所以回血单位慢过星的鬼是很好的。需要在鬼回后上毒的女人，秒的女鬼在没有负敏鞋的情况下都可以通过上述方法实现类似负敏的pve效果。
　　仙由于基础速度成长高的原因，很难不通过负敏鞋慢过星的男鬼，不过若是高级星比如14、15未尝没有机会。相信我当你比星的男鬼慢的时候，大多数玩家会相信你是负敏的，放心去杀星吧，还没有负敏鞋的伙伴们。
　　2、pvp方面。
　　对于混队的平民玩家，我觉得跳过这条就行了，既然是去娱乐的，何必想那么多是吧，有经验有奖励拿了就好。对于有固定队的平民玩家队来说，其实一阶负敏和不负敏差距其实很小的。毕竟目前这个等级一阶负敏已经有些不够用了，很难确保最后出手。
　　如果队伍男鬼不是负敏，需要怎么处理呢?
　　首先，满足冰混后三尸是需要抗起来的，不然敏系下回合基本很难站起来出手，毕竟对方男鬼很可能是负敏，至于抗多少个人感觉回不死就好50左右应该就够用了。
　　其次，由于己方男鬼速度比对方男鬼快很容易被察觉，防止对方男鬼用鬼火清理敏系，抗性够得情况下抗80鬼火应该足够保证秒不死了，抗鬼火的性价比还是很高的毕竟还有大量的敏女鬼，负敏女鬼目前相对较少。
　　最后，至于遗忘和昏睡，平民队伍在满足上面的抗性后能把遗忘点到80，就算在这个水平的队伍里抗的很好的了，昏睡目前睡杀队伍比较少，相对说来没那么着急。
　　不过固定队的pk需要全队统一属性，目前有两套属性的情况下建议一套pvp、用一套pve用，这样切换方便而且效率。
　　目前固定队男鬼不负敏，无论是副本还是pk都比较好用，上述经验完全是真实情况绝非杜撰。
 
  
 97973手游网声明：97973手游网登载此文出于传递更多信息之目的，并不意味着赞同其观点或证实其描述。"
大话西游手游破防属性有什么用 秒人的不二法则,2018-04-06,97973手游网,"很多的玩家都知道评价一个攻宠是否给力，不仅仅要看他的技能初值成长率什么的，其中最重要的还有一条就是抗性里面的破防，只要抗性里面你的破防够高，就能打出高伤害，那么破防到底有多么重要呢？下面就用实测来说话，希望大家喜欢。
　　接下来我们放出一个抗物理抗性50%在被破防程度20%的龙马攻击的破防伤害
大话西游手游
大话西游手游
　　可以看到一个是12389的伤害，一个是17414的伤害，增伤害为5025
　　大家都知道数据是多次测试出来的结果，我们先跳过不说结论
　　接下来我们来看看抗性50%，破防30%的龙马带来的伤害
大话西游手游
　　可以看到的是破防伤害从17414提升至19653，增伤与20%破防对比为2239
　　增伤同未破防为7264，近乎增长为百分之10的增伤
　　接下来我们看看抗性50%，破防40%的龙马带来的伤害
大话西游手游
　　可以看到的是破防伤害从19635提升至22639，增伤与30%破防对比为3004
　　增伤同未破防为10267，近乎增长为百分之10的增伤
　　接下来我们来看看抗性50%，破防40%的龙马带来的伤害
大话西游手游
　　可以看到的是破防伤害从22639提升至24877，增伤与40%破防对比为2238。
　　增伤同未破防为12505，近乎增伤达到百分之10的增伤。
　　然而我们的未破防伤害为12389，破防50%达到24877，增伤近乎为百分之50。
　　结论：
　　从以上数据可以看到，破防达到50%的增伤几乎与普攻对单位造成的伤害二倍一致，与狂暴的二倍伤害一致。
　　由此可以判定破防百分之50的时候我们的伤害达到近乎增伤一倍的效果。
　　也就是说，近乎每10%的增伤实际达到的效果是物理伤害增加20%的提升。
　　可能有人不太理解为什么破防10%可以造成20%的伤害提升。
　　这里解释下，例如此图龙马，攻击为39000，可点了物理防御却只有12389的伤害。
　　所以可以判断物防的减伤绝对不是按物理伤害的百分比进行减伤，而且即使抗物理为0破防也可以带来超额的收益。
　　这次的破防伤害结论就是每10%的破防带来收益百分之20。
　　结语：
　　物攻宝宝的收益分为狂暴，连击，破防，其中破防是重中之重，即使对面不抗物理，我们依旧可以打出破防效果，而且即使不抗物理，破防带来的收益也是很可观的，因此我们推荐加点优先级是破防最优先，接下来可以考虑狂暴，不是敏攻宠要连击付混的情况下个人建议放弃连击，有时候一招破防的伤害比你连击打出的伤害要高得多，所以还是主破防吧。
　　所以根据一系列的破防测试，小编觉得破防是非常的重要的，有机会就给把破防点满，然后还有破防程度也要点一下，貌似破防程度也非常的重要。希望大家喜欢这个攻略。
 
  
 97973手游网声明：97973手游网登载此文出于传递更多信息之目的，并不意味着赞同其观点或证实其描述。"
大话西游手游佩饰用什么属性好 不仅是几率问题,2018-04-05,97973手游网,"大家都知道在角色等级到了130级之后就会开放佩饰系统，然后大家就可以挑战魔王窟，获得自己心爱的佩饰，可是这个佩饰属性是个很大的问题，大家都不知道佩饰属性到底会有哪些，他们的上限到底是怎样的，都在拼命的洗，可是属性依旧是那样。那么佩饰属性到底是如何分布的呢？一起来看看吧。
　　配饰的属性分布：
　　最后根据统计和大家简单的介绍一下配饰的属性分布，最大值都是以大容量的配饰来计算的，当然也不是完全准确的，可能会有一定误差，其次不是所有的配饰属性都会有统计，只是目前来说对于我们大部分玩家比较有用的数值才会有统计的。
大话西游手游
　　戒指：
　　属性点：最高会出四条属性点的配饰，且一条属性的最大值为19。
　　仙法鬼火三尸狂暴：会出两条狂暴属性，且一条属性的最大值为15 且和强力克属性同用最下面的两条属性槽。
　　强力克，会出两条克属性叠加，且一条克属性的最大值为15 且和仙法鬼火三尸狂暴属性同用最下面的两条属性槽。
　　披风：
　　属性点：最高会出四条属性点的配饰，且一条属性的最大值为19
　　强力克：会出两条克属性叠加，且一条克属性的最大值为15且和伤害类法术抗性同用最下面的两条属性槽。
　　伤害类法术抗性，会出两条抗性属性叠加，且一条抗性的最大值为10且和强力克同用最下面的两条属性槽。
　　腰带：
　　其中第一条属性值固定为气血，且最大值为10000
　　属性点：最高会出三条属性点的配饰，且一条属性的最大值为19
　　强力克：会出两条克属性叠加，且一条克属性的最大值为15且和伤害类法术抗性同用最下面的两条属性槽。
　　伤害类法术抗性：会出两条抗性属性叠加，且一条抗性的最大值为10且和强力克同用最下面的两条属性槽。
　　挂件：
　　其中第一条属性值固定为法术加成，且最大值为10000
　　属性点：最高会出三条属性点的配饰，且一条属性的最大值为19
　　强力克：会出两条克属性叠加，且一条克属性的最大值为15且和伤害类法术抗性同用最下面的两条属性槽。
　　伤害类法术抗性：会出两条抗性属性叠加，且一条抗性的最大值为10且和强力克同用最下面的两条属性槽。
　　大力属性和躲闪属性以及加气血攻击的属性都没有统计在内，而且不一定完全准确，只能给大家一个相对比较大概的数值。
　　结语：配饰是一个很神奇的东西，而且对于我们大部分平民玩家来说如何好好的利用配饰绝对可以让我们的实力有飞一般的进步。
  
 97973手游网声明：97973手游网登载此文出于传递更多信息之目的，并不意味着赞同其观点或证实其描述。"
大话西游手游技能术语介绍 让新手不再懵逼,2018-04-05,97973手游网,"对于新手在战斗的时候很多的名词搞不定可是非常的麻烦的，比如下面这一句“男魔进场速一个，仙直接秒，女魔点男鬼盘，男人直接出冰！”很多的新手根本不懂什么意思，男魔速是什么意思，难道是速度杀一个人，可是男魔不是抽么，这个时候有可能就会造成游戏中出现各种奇葩的攻击，最后导致团灭，然后就被老手嫌弃，然后就不想玩游戏了。
　　这里小编就和大家简单介绍一下游戏中各种法术术语，让你在游戏中摆脱菜鸟头衔，让你外表看起来再也不像新手，希望大家喜欢。

　　1、秒：秒一词来源于仙族法术和鬼族法术。仙族代表至高无上的输出，鬼族的鬼火法术也是一种类似的伤害性法术。对于脆弱的小喽啰是很容易一招秒杀的。因为法术有群体和单体的区别，所以群秒就是利用群体法术攻击，单秒就是利用单体法术攻击！

　　2、速：速一词源于魔族，但仅限于男魔。乾坤借速为男魔的加速法术，是借住战斗魔神的力量，增加自己和队友的速度！“速”这个常用词其实就是速度的简称！

　　3、盘：盘一词源于魔族，但仅限于女性魔族。在手游中有个新名字为“加防“，但在大部分老玩家交流中还是主以”盘“来表达。魔族法术魔神护体和含情脉脉是女魔的专属法术，而教会女魔使用此种法术的便是盘丝洞的盘丝大仙！玩家交流时，为了起到简单易懂的效果，故用“盘”字代表此类特定法术。

　　4、牛：牛一词源于魔族，男魔和女魔都会拥有的法术技能，加攻法术，战斗魔神之力，强化己方的攻击力和命中；“牛”和“盘”的产生是一个道理，加功法术是牛魔王所修炼之法，想必玩家们用这样词也是对大名鼎鼎的牛魔王和盘丝大仙的一种敬畏吧！

　　5、抽：抽一词源于魔族法术，魔族群体法术阎罗追命是百分比减少敌人当前气血和法力值，通常情况下是很难造成秒杀效果的，就像从敌人身上抽掉一部分血法。久而久之，玩家们以“抽”来形容魔族销魂蚀骨和阎罗追命技能的释放！

　　6、睡：睡一词源于人族法术，男人和女人共同拥有的法术。但从字面来看想必大家已经明白这个常用词的含义了，是的，昏睡法术的简称！
　　当然还有一些其他的，比如女鬼的遗忘之类的，其实大家只要把几个人物手中的技能把握好了就可以了解这些术语的含义了，这些术语的含义还是非常的简单的，相信大家看完一定会了解的。
  
 97973手游网声明：97973手游网登载此文出于传递更多信息之目的，并不意味着赞同其观点或证实其描述。"
大话西游手游无咎套装怎么样 男人必不可少的套装,2018-03-31,97973手游网,"大话西游手游无咎套装好用吗？到底该选罗睺还是无咎呢，在主混的男人世界里，该选哪套？是否好纠结？以下来分析一下这两个套装的用法。
　　[无咎]
　　先来看一下这套套装的属性与作用描述。
　　弊绝风清·把玩
　　增加自身10%的加强混乱属性。
　　点评：这个作用与罗睺把玩多出了3%的强混效果，与罗睺相比，此肯定是更胜一筹。
　　弊绝风清·珍藏
　　混乱法术使得被混乱控制命中的单位2回合内无法自行解脱。
　　点评：也就是说，您在受混中的情况下，原本第二回合就可以解脱，变得无可解脱，还要维持2回合内，在战斗中，关键的回合被混，而且死死的无法解脱，2回合内，对方战术将会受到大大的影响，那么2回合后解脱，再混，依然能2回合内无法解脱。缺点，对于罗睺，这里没它命中高，在没命中的单位，这个效果并不会生效。
　　弊绝风清·无价
　　场上被控单位数少于或等于40%在场单位时，被混乱命中单位无法自行解脱。
　　点评：从字面解释来看，场上被控单位少于或等于40%在场单位的时候，10个单位，只中了4个或以下，那么说，这几个单位，必定无法自行解脱，也就是说，人族使用失心狂乱，在满2W熟练度，可以持续6回合，那么这6回合里，不能解脱，也就是说，中了就要被混中6回合。
大话西游手游
　　[罗睺]
　　违心一致·把玩
　　增加自身7%的加强混乱属性。
　　点评：与无咎同样的增加自身的强混属性，可罗睺只有7%，对比无咎，少了3%的自身强混效果。
　　违心一致·珍藏
　　每300点根骨，增加自身1%忽视抗混属性
　　点评：适用于血人，根骨越多，忽视越多，缺点300点只增加一点忽视，需要大量的堆根骨，而无咎却无此限制，虽然增加了忽视，增加了命中，但若对面抗性高，下一回合或许会自行解脱。这个属性，适合您认为自己忽视不够的情况下使用这个套装技能。
　　违心一致·无价
　　每200点根骨，增加身上1%忽视抗混属性
　　点评：这个是珍藏的加强版，优点于比珍藏更加优越，缩减到200点根骨就可以有一点忽视，在认为自己忽视不够的情况下，这个无疑是一个正确的选择，但对于无咎，就无可能做到100%能混中6回合或珍藏的2回合内无法摆脱。
大话西游手游
　　[套装分析]
　　无咎，这个套装技能只能依靠现在的解药，例如澄霜，银魄，小春回，大春回，还有一种克他的套装就是男魔的乾坤，被速上的时候，有几率摆脱混乱状态。罗睺，这个套装技能只提升了命中，但缺点是，虽然中了，但对方抗，也会很快的给摆脱，然后无咎，就必须靠扶助才能摆脱，这个无咎更胜罗睺一筹。
　　[两者决择]
　　罗睺：按以上套装描述分析，罗睺套只有在您认为自己忽视不够的时候，可选择使用，而且有个限制，只适合于血人使用，增加了忽视命中，但命中之后也不一定牢牢的套住对方。无咎：在足够忽视的情况下，这个套装技能命中后，需要靠药，或者技能来扶持才能得以解脱，这个比罗睺更胜一筹。
  
 97973手游网声明：97973手游网登载此文出于传递更多信息之目的，并不意味着赞同其观点或证实其描述。"
国际一线游戏IP进军线下 金科文化主题乐园初现端倪,2018-08-09,97973手游网,"2018年 7月15日，汤姆猫亲子乐园-迷宫探险城堡登陆绍兴上虞，给亲子家庭带来丰富的游乐体验。这也意味着，“会说话的汤姆猫家族”这国际一线IP进军线下的大幕正式拉开，未来还将有更多高质量沉浸式主题乐园陆续落地。据估计，到2020年将在全国实现多家门店落地。“会说话的汤姆猫家族”IP巨大的流量和市场价值将进一步显现，金科文化强大产业链平台布局将逐步完成，实现动漫游戏、主题乐园、儿童教育、IP衍生品等多板块高效协同和良性发展。

　　提升持续吸引力，动漫IP+乐园打造全新产品模式
　　动漫IP和主题乐园的结合，本就有着天生强大的生命力。IP具有强大用户粘合度，而线下的主题乐园则带来更持续的吸引力，更好的情感着力点，以及更多、更直接的变现入口。将“会说话的汤姆猫家族”这个国际一线IP招入麾下后，金科文化随即展开全产业链条布局，其中重要的一环便是主题乐园的布局和拓展，其原因正在于此。

　　继7月15日，汤姆猫亲子乐园-迷宫探险城堡登陆上虞后，9月下旬，上千平米的汤姆猫亲子乐园也将在时代潮城欢乐开业。汤姆猫亲子乐园由国内外顶尖乐园设计师耗时两年倾力打造，集多媒体交互、娱教探索、DIY创想、餐饮配套等多位一体，是国内首家拥有国际一线IP的儿童乐园品牌。主题乐园建设方面已在上海、杭州、合肥等地布局并开展前期业务，多地已经完成店铺选址设计，开始进场装修，各项线上线下多渠道业务正有条不紊地推进。值得一提的是，乐园项目不仅仅局限于国内，作为诞生于“一带一路”沿线国家的世界知名IP，金科文化计划沿着一带一路沿线国家进行主题乐园的全球化布局。

　　身为国际一线的游戏IP，“会说话的汤姆猫家族”系列游戏全球下载量超过了80亿次，系列动画更是俘获了一大批全球儿童观众，截止至6月，《会说话的汤姆猫家族系列片》在优酷平台观看量超5.2亿次，足见中国家长和孩子对该动画片的喜爱和认同。这对于线下主题乐园的成功奠定了坚实基础，同样，渐次落地的“会说话的汤姆猫”主题乐园，可让孩子和家长们在不同角度下看待这一动漫IP，激发儿童的感知和想象空间，形成更可信赖的品牌效应和更多变现空间。一种“动漫+主题乐园”的全新产品模式正在悄然形成。

　　从游戏IP到“全栖IP”及”IP孵化系统”
　　“会说话的汤姆猫家族”IP自带的独创性、人气高、黏度高等特点，让其更容易进行多产业开拓，同时各业务板块间的协同效应也将日益强大。比如动漫影视和游戏的线上引流，让更多粉丝走向线下的主题乐园，而后者则让消费者享受到真实、高品质的娱教体验，加固了人们对IP的情感附着和品牌认同。融入IP的早幼教课程和产品，也可以激发儿童学前兴趣，以寓教于乐的方式弥补传统教育的不足，带来更好的教育成果。

　　寓教于乐，智创家庭幸福。此前，金科文化CEO王健先生曾在今年ChinaJoy采访时表示，他们正在将会说话的汤姆猫家族”打造成一个“全栖IP”以及一个完整的“IP孵化系统”。借鉴迪士尼式的内容运营方式，坚持精品至上的同时，金科文化将依托于移动互联网，积极加强与用户的实时连接，增强与用户的互动性;通过跨媒体的立体联合，引起消费者共鸣，形成价值认同。金科文化CEO王建先生表示：“就像迪士尼，不断地用电影的方式创造IP，对IP进行管理和宣发，用衍生品、乐园等方式进行变现。我们不一样的地方就在于移动互联网部分，工具和载体更符合时代需求、更有时代活力，但是对卓越内容的创造，对变现方式完整生态链的搭建，我们需要向前辈学习。”
　　基于此目标，金科文化公司将不断推动“会说话的汤姆猫家族系列”的IP开发，着力打造完整的家庭娱教生态链。目前国内外团队共同成立IP开发与监修小组、品牌委员会等协同组织，推动基于“会说话的汤姆猫家族”IP的儿童早期教育产品及课程、IP衍生品开发销售、动画影视剧及主题乐园等IP生态链不断完善，力争成为“移动互联网时代的东方迪士尼”。

  
 97973手游网声明：97973手游网登载此文出于传递更多信息之目的，并不意味着赞同其观点或证实其描述。"
连击次数与连击率 大话西游手游召唤兽谁领风骚,2018-03-13,97973手游网,"大话西游手游连击次数与连击率浅析，今天我们来聊一聊连击次数与连击率之间的故事。

　　1、连击次数与连击率
　　这两个属性通过名字就能看出来是一对，可以假设连击率为0的时候，无论怎么提高连击次数也不会有任何收益，因为根本不会发生连击这个事件，也就没有后面连击几次的说法了。
　　那么连击次数为1的时候呢，无论怎么提高连击率也不会有任何收益的，因为出不出连击都是攻击一次。
　　(当然系统默认的连击次数是3次)
　　这么看来两者带来的收益是相互关联的，由于上期已经讨论了连击率和狂暴率的收益问题，这期我们就主要讲一下连击次数增加带来的收益情况。
　　2、连击次数收益问题分析
　　还是和上期一样由于只考虑这个因素我们就把连击率和连击次数以外的因素带来的最终伤害假设为期望伤害。
　　当连击次数为3时 最终伤害=期望伤害*(1+3/4连击率)
　　当连击次数为4时 最终伤害=期望伤害*(1+7/8连击率)
　　当连击次数为5时 最终伤害=期望伤害*(1+15/16连击率)
　　当连击次数为6时 最终伤害=期望伤害*(1+31/32连击率)
　　这样可以分析连击次数由3次增加到4次时，
　　百分比收益率=连击率/(8+6*连击率)，即连击率越高，连击次数由3到4带来的收益越高。
　　上面的结论是显而易见的，那么和在连击次数上花一修炼点收益高还是在连击率或狂暴率呢?
　　借用上期结论：连击次数为3时 狂暴率-连击率<33%时，加一点狂暴率收益更大。
　　那么比较连击次数由3到4带来的收益率和狂暴率加一点修理带来的收益率就可以了。(因为上述结论下狂暴率收益大)
　　上期攻略我们知道了狂暴率加一点修理带来的百分比收益率是 增加狂暴率/(1+基础狂暴率)，修炼一点加1、5%狂暴率，也就是增加狂暴率=1、5%。那么分母最小时收益率最大也就是基础狂暴率为0时，加一点修理到狂暴带来的狂暴百分比收益率最高为1、5%。
　　连击率/(8+6*连击率)>1、5%，解得连击率>13、2%时，连击次数由3到4带来的收益率大于加一点狂暴的狂暴百分比收益率最大值1、5%。
　　考虑亲密50w时提供的12%连击率和8%狂暴率易知仅仅考虑这种情况下的收益率花一点修炼把连击次数由3点到4是性价比最高的。
　　ps：无论平民还是土豪攻宝宝亲密过50w都不算是太难的事，所以只要你要点连击率或狂暴率，那么请记住把连击次数点到4是优先于连击率和狂暴率的。
　　既然连击次数上4已经证明是收益率最高的了，那么接下来讨论连击次数上5带来的变化。
　　分析连击次数由4次增加到5次时，百分比收益率=连击率/(16+14*连击率)，由于连击次数已经是4次了，上期结论变更为连击次数为4次时，狂暴率-连击率<14%时，加一点狂暴率收益更大。
　　那么考虑亲密提供的12%连击率8%狂暴率，也就是说在连击次数为4的时候需要把狂暴点到(12+14)%时，连击率和狂暴率加1点修炼带来的收益才大致相当。
　　那么我们分析连击率12%狂暴率26%时，是把连击次数由4到5收益高还是继续增加连击狂暴率收益高。
　　由于上述值得连击狂暴率加1点修炼带来的收益大致相当，所以与此时狂暴率加一点修的收益率比较就可以得出结论。
　　此时狂暴率加一点修理带来的百分比收益率是 增加狂暴率/(1+基础狂暴率)=1、5%/126%=1、19%。
　　则有 ：连击率/(16+14*连击率)>1、19%，解得连击率>22、8%时，连击次数4上5的收益率才有增加连击率或狂暴率高。
　　在连击率12%和狂暴率26%时应该继续增加这两种属性带来的收益更高。(连击次数为4时保持狂暴率-连击率=14%收益最大化)
　　设狂暴率为X，连击率为Y,且据上可知X=Y+14%，带入可解得：狂暴率约为33、5%连击率约为19、5%时，连击次数由4上5比再继续加连击或狂暴率收益率大。
　　结论：连击次数为4的时候，狂暴率33、5%，连击率19、5%，加一点连击次数到5次的收益在三者中最大。
　　那么最后需要考虑的就是连击次数5上6带来的收益率情况了，分析连击次数由5次增加到6次时，百分比收益率=连击率/(32+30*连击率)，由于连击次数已经是5次了，上期结论变更为狂暴率-连击率<6、7%时，加一点狂暴率收益更大。
　　上面在连击率19、5%狂暴率33、5%的时候把连击次数点到5，这样的话接下来点击连击率收益就更大了，所以我们先把连击率点到27、5%(考虑一点修炼加1、5%取整数)，连击次数为5，连击率27、5%狂暴率33、5%，这时候连击率和狂暴率的收益基本持平了，设狂暴率为X，连击率为Y,且据上可知X=Y+6%(只能取整)，带入可解得：狂暴率约为51、5%连击率约为45、5%时，连击次数由5上6比再继续加连击狂暴收益率大。
　　结论：连击次数为5的时候，狂暴51、5%，连击率45、5%，加一点连击次数到6次的收益在三者中最大。
 
  
 97973手游网声明：97973手游网登载此文出于传递更多信息之目的，并不意味着赞同其观点或证实其描述。"
大话西游手游任务环怎么玩 200环任务图文详解,2018-03-13,97973手游网,"大话西游手游200环任务怎么过？而作为老大话玩家的我对200环有着难以割舍的感情在。所以赶紧上线跑了一圈。现把我跑环中的点滴跟大伙分享下，废话不多说，200环！GO！
　　一、基础知识
　　1、手游里的200环以10环一个轮回，奖励为师贡或银币，最后一环有几率得神兵或盘古。
　　2、人物必须1转80级以上才能领取。
　　3、领取位置在天宫护园大将处。其实更新后有个引导任务，直接带你到护园大将处。
　　4、每周一次，战斗失败无惩罚，无时间限制。
　　5、每个200环在周一凌晨5点更新，如果没跑完只要不放弃，下周可以继续跑，还不会把下周的200环顶替掉喔喔!
　　6、任务基本为找人、杀怪、答题、猜歌曲、给百分药、捉宝宝、给技能书，还加上一些逗逼任务。
　　7、跑完全程200环用时2个小时左右。自动寻路，总体来说轻松简单又能得钱喔。
　　二、任务分解
　　1、杀怪任务：共有5种，分别是无名剑客、蟠桃凤凰、打劫强盗、闹事小妖、妖王。五种难度与师门一样，血量翻倍。任务中无名剑客、蟠桃凤凰和打劫强盗出现类高。
　　无名剑客：方寸山随机位置刷新
大话西游手游
　　蟠桃凤凰：天宫随机位置刷新
大话西游手游
　　打劫强盗：逗B的强盗！分为大的“二步倒”，小的“一步倒”，任何法术不起作用！就物理攻击有效！我们攻击时相邻的强盗还会被波及，等于我们的物理攻击变了范围攻击。“一步倒”跟名字一样一招就挂，“二步倒”两招。
大话西游手游
　　2、找人任务：就叫你找个NPC，自动寻路就可以了，没什么好说的。
大话西游手游
　　3、答题任务：和大理寺答题一样，很简单。答错无惩罚，重新答就可以了。
大话西游手游
　　4、猜歌曲任务：超级无敌估歌仔，给一首歌的一段词，让你做选词填空。对音乐不熟悉的乱填也行，答错无惩罚，重新答就可以了。据观察，周董的歌不少喔。
大话西游手游
　　5、给百分药任务：随意给个百分药就可以了，没限制。
大话西游手游
　　6、捉宝宝任务：分两种，一种是捉攻击初值大于60的小黑熊宝宝(必须是宝宝啊，升级提高初值不行喔)，捉初值宝宝给18W喔；第二种就是叫你去捉龟丞相宝宝。都不知道是NPC是煲汤补补还是做龟苓膏。要的宝宝全是龟丞相，第一种捉初值宝宝一般很少出，有且只出现在第100环及以后，我跑的时候就出现在第100环和第175环处，不用担心浪费时间。
大话西游手游
　　7、技能书任务：这是给银币的大户，为什么这么说是，这环任务奖励银币：1520000。要求是找一本2字或3字或4字的普通技能书，据我估计每个200环只要一次，还是固定在第150环。可以多宝阁买，我家里的垃圾技能书终于有用处了。这也导致了2字和3字的普通技能书价格大幅上扬。(个人感觉都是盲从，每周才一次，每次才要一个，要也不一定要2字或3字的，可能要4字的呢，所以大家没必要过于紧张。供大于求的情况下价格还是会回落的。)
大话西游手游
　　8、逗逼任务之一：陈百万的运镖任务，银票800亿！强盗兄，还收人吗？
大话西游手游
　　9、逗逼任务之二：假冒师傅(杀怪任务)，上面普通技能书任务都给1520000了，这个任务不得上10亿。再仔细看看！
　　10、逗逼任务之三：给鬼魂打工，分别是穷鬼和冤死鬼，穷鬼说死前没钱吃饭，现在想我们带他去搓一顿。冤死鬼正常点，帮他杀强盗。
　　三、数据分析
　　如果对数据没兴趣的看到这里就可以结束，下面是对200环的具体数据进行分解说明：
　　1、数据图
大话西游手游
大话西游手游
　　2、数据分解
　　环数分配：在200环中，依据上述的跑环数据图可以发现杀怪任务最多占54环，其次是找人任务占49环，而百分药、答题和猜歌曲分别为26、21、18环，这已占总环数的4/5,其余的要不是逗逼任务，要不就是捉宝宝，还有那冒牌师傅。
　　用时分配：用时2小时，主要是杀怪需要的时间多，伙伴等级高能提高杀怪速度，除了“一步倒兄”，运气不好的捉初值宝宝也得10分钟。
　　奖励分析：奖励金钱数加起来是1600万左右！根据数据图，每10环一个轮回，每个轮回都比上个轮回多点钱。第一环30000，第十一环是32760，第一百九十一环就82440。最后得到师贡1100万，(银币500万，减去买技能书的100万)其实银币收入400万!最后一环双奖励!银币和师贡。最后的重头戏来了。最后一环必定奖励盘古或神兵。这可以拜下鸡驴大神或刷下世界拉，基本上很大几率为盘古。
 
  
 97973手游网声明：97973手游网登载此文出于传递更多信息之目的，并不意味着赞同其观点或证实其描述。"
大话西游手游坐骑黄金技能搭配 你的坐骑适合你吗,2018-03-14,97973手游网,"目前大话西游手游中风头最盛的非坐骑莫属，很多玩家也非常关心坐骑的技能最终效果如何，如何搭配才能发挥最大的作用?今天就带大家来一饱眼福，谈谈那些坐骑技能的黄金配置!
　　1、 全力攻宠
　　全力攻宠追求的是高额的伤害，坐骑技能的选择也是对应暴力两个字，增加伤害和提升修炼属性都可以使用。
　　1)怒剑狂花/破釜沉舟/冲云破雾
　　怒剑狂花增加攻击力和连击狂暴，几乎是最理想的属性。而破釜沉舟增加攻击力、狂暴率和破防程度，属性也是让人挑不出毛病。冲云破雾增加少量的破防概率和大量的破防程度，这是非常亮眼的，配合龙马的天生技能，可以让破防程度达到一个非常高的数值!



　　2)后发制人/怒剑狂花/破釜沉舟/疾风骤雨
　　后发制人降低速度，增加15%的攻击力，还是非常可观的。疾风骤雨增加攻击力同时提升连击率，而怒剑狂花和破釜沉舟不必多言。因为坐骑技能随机挑选，如果选到这四个其中之一，都是不错的运气。


　　3)秋水流弦/怒剑狂花/破釜沉舟
　　秋水流弦增加攻击力、连击率和连击次数，连击率的提升非常高，连击代表回合伤害的增加，这个重要性就不言而喻了。

　　2、敏攻宠
　　敏攻宠围绕第三个技能格的追魂夺命来选择，因为技能随机，如果出了高级追魂夺命，而其他两个技能格技能还说的过去，就不需要再洗了，否则下次再见到高级追魂夺命就不知道是什么时候了。
　　1)怒剑狂花/破釜沉舟/冲云破雾
　　2)百步穿杨/怒剑狂花/破釜沉舟/疾风骤雨
　　百步穿杨增加大量命中，这对于敏攻宠来说非常必要，敏攻宠多用于PK，攻击被躲闪可以说是一场惨剧，所以百步穿杨还是非常重要的。

　　3)追魂夺命
　　敏攻宠的第三个技能格必须是追魂夺命，不要小看这百分之四的速度提升，对于范式来说这就是一个低倍的加成，对于年来说这就是近百的速度提升!

　　3、敏法宠
　　敏法宠对于攻击要求不高，如果玩家非得把一坐用来管制敏法宠，那么也是有一套相应的技能搭配的。
　　1) 金戈铁甲/除泣血枕戈外所有技能
　　金戈铁甲增加自身的物理抗性，聊胜于无，技能随机的厉害，只要不是选到泣血枕戈都可以使用。

　　2)神枢鬼藏/除后发制人外所有技能
　　神枢鬼藏增加三尸和鬼火抗性，对于敏法宠来说，不被对方一招三尸带走还是非常不错的。

　　3)追魂夺命
　　没有说的，但凡挂上敏字的，选择第三个技能格只能是追魂夺命，就是看谁的速度快，先发制人，出手制胜!
　　4、血宠
　　血宠的用途更广泛，无论是帮战杀星还是BOSS决斗，都有它们的身影，那么有玩家拿一坐来提升血宠也是情有可原。
　　1) 金戈铁甲
　　提升自身的物理抗性还是非常有必要的，否则被对方一巴掌拍残废了，相对于第一个技能格来说，金戈铁甲是最适合血宠的技能。

　　2)神枢鬼藏
　　增加气血和抗性，这不是专程为血宠打造的吗?

　　3)战心清明/神枢鬼藏
　　战心清明增加抗混乱和抗遗忘，相当于多了两点修炼。而神枢鬼藏不用说了，配合第二个技能格的神枢鬼藏，能让血宠抗三尸达到20，鬼火达到10，这期间的性价比还是很高的。针对性的点一点修炼，血宠又多了一个抗。

　　5、负敏宠
　　负敏宠围绕的就是后发制人，把速度降到最低才是它们的目标，因此只要第二个技能格有后发制人即可。

　　除去以上的黄金技能搭配，固定队伍五龙马队伍，可以留意一下勠力同心，如果队伍中有强克的配置，退火诀等技能可以巧妙运用
　　这么多技能是否都符合你的心意呢?不过在这里还是要再次提醒各位，技能随机，追求完美有风险!如果资金不够还想要求技能完美，我们只能去抱鸡驴大神的大腿求疼爱了
 
  
 97973手游网声明：97973手游网登载此文出于传递更多信息之目的，并不意味着赞同其观点或证实其描述。"
大话西游手游为你推荐最值得入手的法宠,2018-03-13,97973手游网,"大话西游手游的召唤兽共分为以下几类：血宝宝丶法宝宝丶敏宝宝丶功宝宝!当然也会存在一些多方面宝宝，例如敏功型丶血功型等!对于法宝宝，在所有的召唤兽里面占得的比例也是不小。既然开发组投放了那么多的法宝宝，一定有存在的价值。虽然目前来讲法宝宝的实用意义不大，但是只要玩家用心听我一徐后，也会重新对其有一个认识!同时，此贴也是为了迎接接下来的法术坐骑!
　　一、何为法宝宝
　　1.不是所有的宝宝都有天生技能，不是所有的天生技能都是攻击型技能，而具备攻击型法术技能的宝宝，就一定是法宝宝啦
　　2.不是所有的法宝宝都灵性高，无论是血初值高，还是攻击高，而具备攻击型法术技能宝宝，就一定是法宝宝啦
　　二、法宝宝的成员

　　三、法宠推荐
　　1、水灵仙
　　水灵仙是高级召唤兽里面法力值最高的一个召唤兽!超高的法力配合超高的成长，让水灵仙后期的灵力可以轻松达到20万!喜欢法宠暴力追去的玩家可以入手一只!但是叶子也得把她的劣势说一下，水灵仙血太低只有12点，加上水灵仙还有敏捷。日常的时候怪物的法术都会招呼到她身上，如果不加血，她肯定站不住，站不住，站不住，重要的事情说三遍!但是如果有些玩家加血，那么就不要练水灵仙了，因为您看完神灵的属性就知道了!

　　2、神灵
　　神灵是一只特殊宠物，节假日活动才会投放，总的来说投放的还是挺多的，玩家不必担心买不到!神灵是血法宠，而且成长和特殊宠物比起来超高。气血148可以完全做一只血宠，同时它的法力也不俗，竟然达到了270. 综合来看，神灵的法力比水灵少了90点，但是气血比水灵多了136点。哪个划算，哪个更好，大家一U对比就知!神灵适合玩血法加点，纵使神灵有敏，容易遭到法术攻击，但是肉厚足够来保证它的输出了!三法一血加点的神灵，后期就是一个有肉又能输出的伤害宠，同时战术上可以换蓝来控制敌方负敏单位，不入手只简直是浪费二坐骑啊。

　　3、凤凰
　　凤凰是小颜如玉，高敏高灵力!二坐骑其中有一个技能是梅花三弄，是的，法术连击。那么凤凰用高级二坐骑管制后，首发效果更是提升了不止一个档次!为了克制凤凰的控制，大多数玩家开始少了修炼火法抗性，以至于凤凰越来越不候爱戴!但是二坐骑的来临，让这个超敏法宠又有了更多的战术价值!法术狂暴，法术连击，换蓝战术等等，凤凰的存在靠的不是全法打出超额伤害，而是能够把敌方干到，就足够了!

　　4、铁扇公主
　　法力初值满780，是非神兽类召唤兽里面法力最高的一个召唤兽。全法加点，追求的就是极致。可能又有玩家说了，扇子不加血站不住有毛用，这个问题叶子上一个帖子做过解释，玩血法不如去玩龙女。扇子的存在就是体现高法输出的完美表现的!无论是日常任务的伤害还是PK时候的价值都是值得赞扬的，PK当中的扇子如果有高级蹒跚存在，它的敏超低比大多负敏单位都要满，真正体现了后发制人的效果! 日常当中，高法扇子秒怪可以上6万以上，后期估计能秒8万。再配合二坐骑，扇子补刀的效果超爽!

　　结论：
　　法宠的输出建立在等级和亲密的高低上。法宠不会像大力宝宝那么简单，玩家要考虑的综合因素要很多。二坐骑的技能搭配问题，比如您用扇子，坐骑技能就要以风法忽视和狂暴为主。亲密越高越好，等级越高越好!这些全面做到了，我相信您的法宠绝对不是一个鸡肋的存在!
 
  
 97973手游网声明：97973手游网登载此文出于传递更多信息之目的，并不意味着赞同其观点或证实其描述。"
大话西游手游无咎套装解析 男人们的全新选择,2018-03-14,97973手游网,"大话西游手游无咎套装好用吗？到底该选罗睺还是无咎呢，在主混的男人世界里，该选哪套？是否好纠结？以下来分析一下这两个套装的用法。
　　[无咎]
　　先来看一下这套套装的属性与作用描述。
　　弊绝风清·把玩
　　增加自身10%的加强混乱属性。
　　点评：这个作用与罗睺把玩多出了3%的强混效果，与罗睺相比，此肯定是更胜一筹。
　　弊绝风清·珍藏
　　混乱法术使得被混乱控制命中的单位2回合内无法自行解脱。
　　点评：也就是说，您在受混中的情况下，原本第二回合就可以解脱，变得无可解脱，还要维持2回合内，在战斗中，关键的回合被混，而且死死的无法解脱，2回合内，对方战术将会受到大大的影响，那么2回合后解脱，再混，依然能2回合内无法解脱。缺点，对于罗睺，这里没它命中高，在没命中的单位，这个效果并不会生效。
　　弊绝风清·无价
　　场上被控单位数少于或等于40%在场单位时，被混乱命中单位无法自行解脱。
　　点评：从字面解释来看，场上被控单位少于或等于40%在场单位的时候，10个单位，只中了4个或以下，那么说，这几个单位，必定无法自行解脱，也就是说，人族使用失心狂乱，在满2W熟练度，可以持续6回合，那么这6回合里，不能解脱，也就是说，中了就要被混中6回合。
大话西游手游
　　[罗睺]
　　违心一致·把玩
　　增加自身7%的加强混乱属性。
　　点评：与无咎同样的增加自身的强混属性，可罗睺只有7%，对比无咎，少了3%的自身强混效果。
　　违心一致·珍藏
　　每300点根骨，增加自身1%忽视抗混属性
　　点评：适用于血人，根骨越多，忽视越多，缺点300点只增加一点忽视，需要大量的堆根骨，而无咎却无此限制，虽然增加了忽视，增加了命中，但若对面抗性高，下一回合或许会自行解脱。这个属性，适合您认为自己忽视不够的情况下使用这个套装技能。
　　违心一致·无价
　　每200点根骨，增加身上1%忽视抗混属性
　　点评：这个是珍藏的加强版，优点于比珍藏更加优越，缩减到200点根骨就可以有一点忽视，在认为自己忽视不够的情况下，这个无疑是一个正确的选择，但对于无咎，就无可能做到100%能混中6回合或珍藏的2回合内无法摆脱。
大话西游手游
　　[套装分析]
　　无咎，这个套装技能只能依靠现在的解药，例如澄霜，银魄，小春回，大春回，还有一种克他的套装就是男魔的乾坤，被速上的时候，有几率摆脱混乱状态。罗睺，这个套装技能只提升了命中，但缺点是，虽然中了，但对方抗，也会很快的给摆脱，然后无咎，就必须靠扶助才能摆脱，这个无咎更胜罗睺一筹。
　　[两者决择]
　　罗睺：按以上套装描述分析，罗睺套只有在您认为自己忽视不够的时候，可选择使用，而且有个限制，只适合于血人使用，增加了忽视命中，但命中之后也不一定牢牢的套住对方。无咎：在足够忽视的情况下，这个套装技能命中后，需要靠药，或者技能来扶持才能得以解脱，这个比罗睺更胜一筹。
  
 97973手游网声明：97973手游网登载此文出于传递更多信息之目的，并不意味着赞同其观点或证实其描述。"
大话西游手游PK阵容怎么搭配 双火力阵容并不可怕,2018-03-12,97973手游网,"大话西游手游双火力阵容怎么打?大话西游手游PK阵容怎么搭配?双火力阵容可以说是目前比较热门的阵型，那么这种打法怎么破解呢?下面就让97973小编来为你详细介绍下吧。
　　双敏火力针对方案1：


　　相信很多有心的玩家已经知道我要说的了，没错!针对抗性。这是目前最主流的克所使用的变身卡，克金还有克木而两者的共同点是强雷，也就是说主流的火力基本都是主修雷法，在不清楚对面双火力主修的法术之前，优先抗雷一定是容错率很高的办法，当然主流双火力一般都是一男仙一女仙，女仙会为了针对抗，选择火法居多，点满雷法，即使一个敏女仙秒出活力，也不会对敏队造成致命打击
　　所以第一个针对方案就是针对抗，点满抗雷。相信平民4抗不是太难的问题，这一切的基点都是小编号可以做得到的，所以这个方案不管平民小资都可以做得到。
　　双敏火力针对方案2：

　　没错，核心是黯魂套装，平民用珍藏，小资用无价，当然一个黯魂套肯定是不够的，我们还要配合另一点，抗三尸，反其道不是针对其火力抗性，而是针对三尸法术如果抗三尸，对面第二回合基本是回不了太多的血，再配合黯魂的减弱药品，三尸回复，那么第二回合开始
　　平民：毒+讨命=轻松带走敏系单位，平民的敏系单位5W血撑死，而三尸+黯魂削弱不会有一半的血，轻松带走
　　小资：毒+双管=轻松带走敏系单位，因为小资的女人毒4W+太正常不过，再加抗三尸土豪的抗性可以走的更好，所以轻松带走
　　因此这个套路也都是平民和小资通用的两个套路，容错率大于第一个套路。
　　血队and负敏队双火力针对套路1：

　　估摸又有人要喷土豪套路了，这只是个图，用来说明血队和负敏的双火力针对方案，首先说下这个套路必备冰人把宝宝冰起来，不然冰套路很难实施，容易被宝宝拉篮支援。
　　小资：小资自然是用玄武去抽蓝，玄武的利涉大川直接三抽蓝是完美的带鬼带火力全抽光的恶心套路，玄武的高蓝配合利涉大川，随便队里有一个魔抽一下绝对可以把鬼+仙的蓝抽光，所以土豪自然选玄武，当然不是太豪的可以选择垂云叟，套路还是一个套路，不过点的时候目标得选择火力，因为沛雨甘霖是抽最低敏的两个单位，所以一定要注意小细节，这样即使被鬼回了也不会被秒出伤害。
　　平民：平民的选择范围就有点少，因为平民不像土豪队基本都带画中仙，年等敏宠，所以平民的的阵容一定要负敏，血队分开针对，如果是负敏，很简单!天龙女的血换蓝是最佳人选，就是数量得两个，万一搞不好容易被一波带走，容错率比较低!如果是中敏，那么就用罗莎鬼姬，当然平民的缺点就是数量还得两个，比较蛋疼!依旧是容错率较低!当然还是必备冰人把宝宝控制住!
　　血队and负敏队双火力针对套路2：
　　连击付混，之所以说这个套路是因为中敏队的出手速度基本都在正常发育的敏宠之下，而负敏队的敏更是低，所以连击付混宠有充足的时间出场去打出自己的控制，之所以用连击付混就是因为他的打造廉价和稳定性高于男人的忽视，廉价的原因是打负敏和血队只需要一个全敏的金不换就足够，而技能也不用多，高修炼就好，所以花费也小很多!这个套路稳定性稍微高于上面的套路，唯一缺点就是要赌几率。
　　结语：
　　总之双火力虽然变态，但是所有套路都有针对的方案，大家也不用赶潮流一样去追着一些玩法改变自己的阵容，只要拓宽自己的思维，那么就可以以不变应万变!
 
  
 97973手游网声明：97973手游网登载此文出于传递更多信息之目的，并不意味着赞同其观点或证实其描述。"
成都高颜值娱乐赛——华美紫馨王者荣耀全民赛火热开战！,2019-06-24,97973手游网,"▲报名截止至2019年7月6日，无报名限制，超丰厚奖金，只为最强召唤师
　　说到国内手游里的代表性产品，相信很多人都会提到《王者荣耀》。作为一款拥有2亿用户，最高日活跃量高达8000万的热门手游，短短4年时间，《王者荣耀》从版本内测到成为亚运会比赛项目，一直立于MOBA游戏巅峰之境，不断推陈出新，从未被游戏玩家淡忘。
　　除了宏大的游戏世界观以及多种玩法外，作为团队竞技类游戏，《王者荣耀》的英雄体系也是随着用户的兴趣爱好进行不断的拓展。近百款英雄模型、古风特色的英雄人设、百变随心搭的高颜值皮肤，都吸引了不少“看脸”的游戏玩家们。
　　高颜值的游戏，匹配高颜值的城市玩家。2019年7月，“王者荣耀全民赛”回归《王者荣耀》诞生地——“天府之国”成都。西南最大规模的医美品牌“华美紫馨”跨界电竞，倾情助力本次赛事，为颜值保驾护航。全城招募最好看、最有实力的峡谷召唤师，面对面battle，势必将再次刷新王者峡谷的颜值地图！

　　◎热血电竞×美丽梦想
　　“华美紫馨王者荣耀全民赛”全城招募！
　　火热的夏日和热血电竞更般配，作为西南片区颜值市场的“大牌”，华美紫馨医学美容医院“2019国风造美节”特别跨界电竞——#冲破次元壁，有颜有团聚# 助力王者荣耀全民赛落地。
　　值得一看的是，由于华美紫馨的倾力加盟，本次活动特别设置了“电竞颜值团”招募通道。“电竞荣耀团”&“电竞颜值团”双通道同时开启报名，让不能参与到游戏中的小哥哥小姐姐们，也可以一起来感受电竞的魅力。
　　据悉，“电竞荣耀团”将集结最强峡谷召唤师，5V5实力PK，为夺冠而生！不限性别、年龄、段位，无门槛参与，只要你热爱《王者荣耀》，都可以自由组队报名参赛，和小伙伴一起线下团战，赢取丰厚现金奖励。
　　而“电竞颜值团”则是华美紫馨“2019国风造美节”真人秀模特的特别招募通道。华美紫馨21年行业积累与沉淀，74位国家级注册医师，提供百万变美基金，0元综合打造。不论男女，只要你想变美，都可以参与到本次“颜值团”的报名当中，专属定制你的美丽。

　　本次 “华美紫馨王者荣耀全民赛”双报名通道已于6月初全面开启，全城招募参与线下比赛的峡谷召唤师及“国风造美节”真人秀模特。目前，华美紫馨已经完成了全川高校巡回招募，包括四川传媒学院、四川音乐学院、四川师范大学、西南交通大学等在内的12所高颜值高等学府，超百位召唤师成功集结。
　　全城线上报名通道还将持续开启至7月初，华美紫馨作为此次活动的唯一报名方，将携手这群拥有“真我态度”的年轻人们，一起完成这场蓉城最高颜值的线下娱乐赛事。

　　◎热血电竞×态度医美
　　“华美紫馨王者荣耀全民赛”要你好看！

　　这是蓉城最好看的线下娱乐赛事！超好看的《王者荣耀》cosplay大秀，近距离与coser互动拍照；超好玩的5v5面对面PK，感受职业赛事的紧张与振奋；超有趣的颜值团水友赛，与高颜值小哥哥小姐姐们现场对决！围观还有伴手礼哦！进入微信“华美整呗”小程序，开赛前限量内场观赛名额免费抽取！
　　6小时队伍BO1淘汰制车轮战，现场产生一二三名的荣耀战队，最高可获得3000元现金和8000元高颜值礼包。全城高手线下PK，势必再一次激荡起电竞圈新一轮热血battle，也势必将成为蓉城夏日高颜值的“电竞景观”。

　　比赛时间：2019年7月13日
　　比赛地点：恒大广场（成都市青羊区提督街99号）
　　报名要求
　　1。“电竞荣耀团”：不限性别年龄段位，只要你热爱《王者荣耀》，召集5人组，即可报名
　　2。“电竞颜值团”：无门槛，0元打造，只要你想变美，均可报名
　　全城唯一报名通道：微信搜索“华美整呗”小程序，首页进入“华美紫馨王者荣耀全民赛”专题页，选择“荣耀团or颜值团”，提交个人信息，即刻加入！
　　3。报名截止时间：2019年7月6日
  
 97973手游网声明：97973手游网登载此文出于传递更多信息之目的，并不意味着赞同其观点或证实其描述。"
玄学退散 大话西游手游挖宝技巧新鲜出炉,2018-03-12,97973手游网,"大话西游手游挖宝有什么技巧呢？今天小编就来带小伙伴们一起来了解下大话西游手游近期对于挖宝比较热门的几个问题吧，希望能够给玩家参考下哦！
大话西游手游
　　(1).回梦丹可以修改几世修正，如;我号已经三转，前3世都是女魔修正，想改成男魔修正可以吗?
　　解读;一个回梦丹可以修改全部修正。
　　(2).1-5级OS最高速度是多少(不含宝石的情况下)
　　解读;大致速度如下：1级107速度 2级125速度 3级170速度 4级210速度 5级250速度
　　(3).高级金柳露是不是使用1个就可以修改召唤兽成长率
　　解读;高级金柳露使用数量可以参考普通金柳露数量，两者使用数量一致，有概率提高召唤兽成长率
　　(4).单人杀小妖和组队杀小妖经验对比
　　解读;单人封小妖比组队封小妖经验高
　　(5).单日抢红包设定3千万，为什么还有人一次抢5千万
　　解读;单次抢夺的红包金额可以超出3千万
　　(6).精卫和剑精灵法术问题;如;精卫或剑精灵使用法术后对面是付敏单位或正敏单位是加速还是减速
　　解读;法术描述已经很清楚，无论对方是正敏或付敏，剑精灵都是加速，精卫是减速。
　　(7).1转120级需要多少经验到达2转111级
　　解读;大约10亿经验。
　　(8).冲神兵的几率是多少
　　解读;冲神兵没有几率，只有概率，他是设定的一个值，通常就是百分之多少的把握可以冲上这件神兵。所以冲神兵是没有时间或位置的区分，只有百分之多少的概率可以成功。
　　(9).召唤兽75点修炼需要多少聚魂丹
　　解读;需要380个左右
　　(10). 1-5级神兵链子最高数值(不含宝石)
　　解读;经过本人统计数值为;1级43速度 2级60速度 3级70速度 4级80速度 5级90速度，上下限幅度95%
　　(11).挖高级宝图是否分时间段
　　解答;经过本人玩端游以及参与朋友开发的网页游戏来分析，就和现实买卖补货一样，是有时间段需要把货源补满，至于什么时间段补货这需要玩家自己研究。(本人感觉是晚间0.00分后补仓，刷新物品，至于为什么凌晨5点更新任务，这是考虑玩家的作息时间和游戏的在线率来更新的)当然就算货源充足也不一定出好东西。货源不充足也不一定不出好东西，概率大小而已。
　　(12).强盘强魅惑如何计算
　　解读;推测计算方式为，自身法术熟练度+自身法术熟练度×强法%
　　(13).五行修炼可以单独修炼某一项吗?
　　解读;是可以的，比如你使用变黄金卡 黄金卡自身金五行100，就可以直接单独使用金五行珠子进行修炼，增加的速度初始8%可以提升到16% 。
  
 97973手游网声明：97973手游网登载此文出于传递更多信息之目的，并不意味着赞同其观点或证实其描述。"
大话西游手游怎么赚钱快 任务宠交易系统解析,2018-03-15,97973手游网,"大家好，今天来谈谈大话西游手游如何赚钱。今天我们来说的就是这个任务宠交易系统。至于如何收入千万，日进斗金我们接着往下看。

　　系统详解

　　交易商人：任务宠交易大使位于长安多宝阁商人(王元宝)旁边，这个系统不能在画面上直接进入，必须跑到交易商人处才能进入交易界面。
　　交易系统：独立于多宝阁的交易系统，与多宝阁一样，但上架物品不占用多宝阁上架物品位置。就是说，你在多宝阁上架8件物品，在任务宠交易这里还可以上架8只宠物。
　　交易金额：说明是任务宠交易，一般金额都比较少，很多都是上限6万，或上限3万的。
　　宠物分类：任务宠交易，肯定是对面作任务，现阶段就200环有要求捉宠物的，其中分两种，一种是有初值要求，可卖6万;一种是没有要求的，可卖3万。
　　交易限定：必须是三无宝宝，无修炼，无经验，无等级。只有纯天然没有培养过的宝宝才可以上架。
　　购买要求：这任务宠也不是随便就能买到的，必须领取了相应任务的玩家才可以前往购买喔。
　　宠物种类：现阶段200环要捉的任务宠主要有：小黑熊、冥灵妃子、水灵仙、乌龟等!要求初值的一般为小黑熊攻值68以上;冥妃血值75以上;水灵法初值255以上等，其它的宠物要求的不多。这里不作介绍。

　　赚钱步骤
　　1、首先去把你的宠物全部寄存到天宫的灵兽仙处，是全部，妨碍你捉宝宝啊。
　　2、如果不想麻烦就捉水灵仙和猫，都在同个地图，而且都是它们，没其它怪!如果想卖得快点去捉小黑熊，不过就很麻烦。
　　3、然后捉满你的携带上限再回去卖就行了，一般别人卖6万，我卖5.8万，这样更快的出手，8个一组，一般捉满8个也就几分钟的事情，就算捉熊也十来分钟，卖完能得42万多点。
　　这样钱不就来了吗?哈哈哈哈，可能有人说也就50来万而已。呵呵，请继续往下看。


　　赚钱要点
　　库存更新：必须及时更新你的库存，这是你能赚多少的关键。最起码在8个宠都卖完的情况下，再及时更新8个。
　　宠物要求：尽量捉小黑熊，还是攻值超68的，虽然难捉点，但卖得快，不愁销路。
　　黄金时间：在每周一更新200环后，周一周二都是黄金时间，同时周六和周日也是。这时间段你会发现你每次上线，50万都在向你招手，日进斗金就看黄金时间段。我朋友试过周一卖出了20多趟的宠物，一趟8个。就是说一天进帐了1000万，1000万，1000万。不信可以看下图片，卖出时间，真的很快。入魔这样懒懒的人在周一也倒腾了7、8趟。其余时间段每天也能更新个2、3次。日进100万也不是问题。
　　人口基数：这里要说明一点，有的服务器是人数真心不是很多。这个卖宠是建立在人多的情况下，我在测试服，人数是绝对没问题的。人少的服务器每周，是每周，在勤奋的情况下一般能进账1000万。也能比200环多多拉!

　　其实无论是现实中，还是游戏里，能赚钱的方子都很多，就看你是不是只想不做，能不能做到勤奋的做，上天只眷顾勤奋的人。最简单的就是灵猴，很多人说来钱少，但真有多少位能杀满50次?现在更新改版了，变20次，钱也多拉!希望大家都能多多被几率，人人上电视。
 
  
 97973手游网声明：97973手游网登载此文出于传递更多信息之目的，并不意味着赞同其观点或证实其描述。"
大话西游手游技能术语盘点 让新手不再懵逼,2018-03-15,97973手游网,"对于新手在战斗的时候很多的名词搞不定可是非常的麻烦的，比如下面这一句“男魔进场速一个，仙直接秒，女魔点男鬼盘，男人直接出冰！”很多的新手根本不懂什么意思，男魔速是什么意思，难道是速度杀一个人，可是男魔不是抽么，这个时候有可能就会造成游戏中出现各种奇葩的攻击，最后导致团灭，然后就被老手嫌弃，然后就不想玩游戏了。
　　这里小编就和大家简单介绍一下游戏中各种法术术语，让你在游戏中摆脱菜鸟头衔，让你外表看起来再也不像新手，希望大家喜欢。

　　1、秒：秒一词来源于仙族法术和鬼族法术。仙族代表至高无上的输出，鬼族的鬼火法术也是一种类似的伤害性法术。对于脆弱的小喽啰是很容易一招秒杀的。因为法术有群体和单体的区别，所以群秒就是利用群体法术攻击，单秒就是利用单体法术攻击！

　　2、速：速一词源于魔族，但仅限于男魔。乾坤借速为男魔的加速法术，是借住战斗魔神的力量，增加自己和队友的速度！“速”这个常用词其实就是速度的简称！

　　3、盘：盘一词源于魔族，但仅限于女性魔族。在手游中有个新名字为“加防“，但在大部分老玩家交流中还是主以”盘“来表达。魔族法术魔神护体和含情脉脉是女魔的专属法术，而教会女魔使用此种法术的便是盘丝洞的盘丝大仙！玩家交流时，为了起到简单易懂的效果，故用“盘”字代表此类特定法术。

　　4、牛：牛一词源于魔族，男魔和女魔都会拥有的法术技能，加攻法术，战斗魔神之力，强化己方的攻击力和命中；“牛”和“盘”的产生是一个道理，加功法术是牛魔王所修炼之法，想必玩家们用这样词也是对大名鼎鼎的牛魔王和盘丝大仙的一种敬畏吧！

　　5、抽：抽一词源于魔族法术，魔族群体法术阎罗追命是百分比减少敌人当前气血和法力值，通常情况下是很难造成秒杀效果的，就像从敌人身上抽掉一部分血法。久而久之，玩家们以“抽”来形容魔族销魂蚀骨和阎罗追命技能的释放！

　　6、睡：睡一词源于人族法术，男人和女人共同拥有的法术。但从字面来看想必大家已经明白这个常用词的含义了，是的，昏睡法术的简称！
　　当然还有一些其他的，比如女鬼的遗忘之类的，其实大家只要把几个人物手中的技能把握好了就可以了解这些术语的含义了，这些术语的含义还是非常的简单的，相信大家看完一定会了解的。
  
 97973手游网声明：97973手游网登载此文出于传递更多信息之目的，并不意味着赞同其观点或证实其描述。"
大话西游手游新区怎么升级快 新区冲级技巧,2018-03-07,97973手游网,"大话西游手游新服开启的时候你会看见那些会玩的伙伴很快的就将等级超过你了，可是你却一直等级徘徊在中间，那么怎么可以快速的冲级呢？下面的攻略将会和大家简单介绍一下新区冲击的技巧，希望大家看完能够喜欢哦。
　　NO1
　　固定经验和活动经验的区别。
　　固定经验，剧情经验，做任务时候首先完成。
　　活动经验，指的是每天的日常和每周活动、节日活动所获得的经验，这些活动经验会根据你的等级变化所变化，等级越高给的越多。所以先用固定经验冲级别，然后获取最大活动经验。
　　特别提示，捉鬼经验和天庭经验是所有活动经验里面比例最高的每天最好在最后去做，养成好的升级习惯你会发现你与练功榜高人的距离越来越小。
　　NO2
　　功绩经验，功绩获得500，1000，2000，3000，都是有大量经验分别是 500W1000w以此类推。前面1000功绩是很好完成的，那些在帮派里要刷功绩的老鸟们，就是让帮主给他们任命官职完成功绩，然后获得高额功绩经验，具体功绩获得方法在游戏功绩系统里是可以查到的，我只举例说几个功绩比较高好做的，帮派功绩系列，召唤兽系列，好友系列，等级成长系列，狗仔队系列等等这些在前期都很好获得。
大话西游手游
　　NO3  
　　杀星经验 开区第一天一个四星上百万经验，你想不想要！说到杀1星对于一些玩家来说比抢银行的难度低不了多少。关于抢星小云会在以后的系列给大家介绍，如果你抢不到就混4星队伍吧，毕竟这是5人团体游戏，咱们杀不到1，咱们混4星不行吗！大家把冲级重点放在任务上就可以，到点杀自己带队去拼下脸就可以了，等自己等级高了就可知直接混高星队伍，等级越高当然大家都爱带你
　　NO4
　　周二开区晚间活动水路大会，水路连赢三场很简单滴，这丰厚的经验也是冲级占有很大比例的，注意组队阵型首选2男魔1敏仙1敏男人1男鬼。稳定而且输出控制都不错，当然极端玩家可以三魔2仙暴力组合，战斗中大家所有技能都点对方男鬼即可。最好带几个比自己敏高的宝宝这样对面的魔不会上来就把己方队友抽成人干，因为群发的设定是先攻击敏高单位，这些细节大家注意到之后水路第一天真的很简单的，如果你碰到土豪队伍那只能说你脸黑了。
　　NO5
　　帮战，想要在知道哪个帮厉害！想要赢帮战！小编悄悄告诉你，去看看练功狂人榜，前几名都在哪几个帮，SO你懂得，快快加入他们吧！物以类聚，人以群分，前期的帮战需要就是人多等级高，那是第一场帮战的关键。
 
  
 97973手游网声明：97973手游网登载此文出于传递更多信息之目的，并不意味着赞同其观点或证实其描述。"
大话西游手游坐骑高级技能效果分析 高级冲云最强,2018-03-07,97973手游网,"大话西游手游坐骑已经推出很久了，坐骑是大话手游的又一大革新，坐骑系统牵动着无数大话玩家的心，下面先带大家看看坐骑技能效果!
　　1、坐骑技能效果展示

　　大家最关心的技能肯定有这个加速技能了，目前出的1坐骑只有3号技能格有加速技能，目前26级 满熟练度30000，加速2.4。

　　高级秋水这个效果也是很给力啊，主要是连击率连击次数能够有效的触发其他技能增加伤害。比如高分裂的描述，物理攻击时有百分之30几率增加一个目标，8次连击我觉得高分裂基本上出连击了就会生效了概率高达94%。

　　高级怒剑本来是十分看好的，但是目前看来虽然加的属性都是非常完美的，但是数值好像不是很给力，不过也可以理解了，平衡嘛 。

　　高级破斧这个技能就效果来看也是比较不错的了，全物理加成技能，没有什么特别的亮点和怒剑一样发育都不怎么良好。


　　这个高级冲云是很值得看一下的技能，双破也算全物理加成技能了，主要是破防程度的数值明显高一截，要练破防的玩家可以留心下。破防10这换成修炼点是多少点，看样子三转后伤害要逆天了这些物理宝宝。

　　高级后发制人这个技能加攻效果很显著啊，这是为低敏攻宝宝量身定做的吗?表示想要个九戒了。还有一个泣血枕戈是牺牲50%最大生命值提高攻击力，加攻到是挺显著的，问题是气血大家也都很看重啊。算是个不好取舍的技能了，毕竟少50%气血这牺牲真是太大了。

　　高级疾风也算不错的全物理加成技能，不过好像数值也不是太高，就个人感觉配合三号格子秋水应该是杠杠的。

　　这个高级经脉逆行让我想到过全法扇子是不是可以法攻兼备，老鱼头是不是可以用鱼竿抽翻对面，现在看来想的有点多了，20w法目前也才加4400攻击，数值还是太低了，后期坐骑等级高了熟练度高了感觉能加个2w攻击很厉害了!可是2w攻击也不怎么厉害啊，主要是这个坐骑技能对管制很多其他物理宝宝更加没啥效果了。
　　2、相关分析
　　1号技能库特有的全物理加成技能中，除去奇葩的经脉逆行，牺牲太大的泣血枕戈(降低召唤兽50%最大生命值，大幅度提高攻击力)，剩余的全物理技能就只有三个了，分别是冲云破雾、怒剑狂花、破釜沉舟，至于怎么选择看大家想法了，比较推荐破防数值逆天的冲云，并且冲云破雾好像是1号技能库独有的技能，走过路过不要错过。
　　2号技能格特有的全物理技能就只有两种百步穿杨、疾风骤雨，前面一个加命中的在目前应该是没有疾风骤雨实用(提升连击率)。毕竟目前的闪避率，自带的命中上限好像就差不多够用了，还是连击率实在。剩余的破斧怒剑技能同1号库就不继续多说了。
　　3号技能格特有的全物理技能只有两种秋水流弦、暴虎冯河，通过上面的图来看个人感觉秋水这个技能更具价值，加连击次数和连击率。剩余的破斧怒剑同1号库。
　　纠结的是3号技能库中还有一号坐骑唯一的一个加速技能追魂夺命，这个技能估计好多练敏攻宝宝的不太舍得放弃吧，至于选伤害爆炸的秋水还是无快不破的追魂，表示只能看脸了，出了啥我都舍不得洗掉，当然成长得给个满值，不然只能忍痛继续洗了。
 
  
 97973手游网声明：97973手游网登载此文出于传递更多信息之目的，并不意味着赞同其观点或证实其描述。"
大话西游手游任务环怎么玩 200环任务图文详解,2018-03-08,97973手游网,"大话西游手游200环任务怎么过？而作为老大话玩家的我对200环有着难以割舍的感情在。所以赶紧上线跑了一圈。现把我跑环中的点滴跟大伙分享下，废话不多说，200环！GO！
　　一、基础知识
　　1、手游里的200环以10环一个轮回，奖励为师贡或银币，最后一环有几率得神兵或盘古。
　　2、人物必须1转80级以上才能领取。
　　3、领取位置在天宫护园大将处。其实更新后有个引导任务，直接带你到护园大将处。
　　4、每周一次，战斗失败无惩罚，无时间限制。
　　5、每个200环在周一凌晨5点更新，如果没跑完只要不放弃，下周可以继续跑，还不会把下周的200环顶替掉喔喔!
　　6、任务基本为找人、杀怪、答题、猜歌曲、给百分药、捉宝宝、给技能书，还加上一些逗逼任务。
　　7、跑完全程200环用时2个小时左右。自动寻路，总体来说轻松简单又能得钱喔。
　　二、任务分解
　　1、杀怪任务：共有5种，分别是无名剑客、蟠桃凤凰、打劫强盗、闹事小妖、妖王。五种难度与师门一样，血量翻倍。任务中无名剑客、蟠桃凤凰和打劫强盗出现类高。
　　无名剑客：方寸山随机位置刷新
大话西游手游
　　蟠桃凤凰：天宫随机位置刷新
大话西游手游
　　打劫强盗：逗B的强盗！分为大的“二步倒”，小的“一步倒”，任何法术不起作用！就物理攻击有效！我们攻击时相邻的强盗还会被波及，等于我们的物理攻击变了范围攻击。“一步倒”跟名字一样一招就挂，“二步倒”两招。
大话西游手游
　　2、找人任务：就叫你找个NPC，自动寻路就可以了，没什么好说的。
大话西游手游
　　3、答题任务：和大理寺答题一样，很简单。答错无惩罚，重新答就可以了。
大话西游手游
　　4、猜歌曲任务：超级无敌估歌仔，给一首歌的一段词，让你做选词填空。对音乐不熟悉的乱填也行，答错无惩罚，重新答就可以了。据观察，周董的歌不少喔。
大话西游手游
　　5、给百分药任务：随意给个百分药就可以了，没限制。
大话西游手游
　　6、捉宝宝任务：分两种，一种是捉攻击初值大于60的小黑熊宝宝(必须是宝宝啊，升级提高初值不行喔)，捉初值宝宝给18W喔；第二种就是叫你去捉龟丞相宝宝。都不知道是NPC是煲汤补补还是做龟苓膏。要的宝宝全是龟丞相，第一种捉初值宝宝一般很少出，有且只出现在第100环及以后，我跑的时候就出现在第100环和第175环处，不用担心浪费时间。
大话西游手游
　　7、技能书任务：这是给银币的大户，为什么这么说是，这环任务奖励银币：1520000。要求是找一本2字或3字或4字的普通技能书，据我估计每个200环只要一次，还是固定在第150环。可以多宝阁买，我家里的垃圾技能书终于有用处了。这也导致了2字和3字的普通技能书价格大幅上扬。(个人感觉都是盲从，每周才一次，每次才要一个，要也不一定要2字或3字的，可能要4字的呢，所以大家没必要过于紧张。供大于求的情况下价格还是会回落的。)
大话西游手游
　　8、逗逼任务之一：陈百万的运镖任务，银票800亿！强盗兄，还收人吗？
大话西游手游
　　9、逗逼任务之二：假冒师傅(杀怪任务)，上面普通技能书任务都给1520000了，这个任务不得上10亿。再仔细看看！
　　10、逗逼任务之三：给鬼魂打工，分别是穷鬼和冤死鬼，穷鬼说死前没钱吃饭，现在想我们带他去搓一顿。冤死鬼正常点，帮他杀强盗。
　　三、数据分析
　　如果对数据没兴趣的看到这里就可以结束，下面是对200环的具体数据进行分解说明：
　　1、数据图
大话西游手游
大话西游手游
　　2、数据分解
　　环数分配：在200环中，依据上述的跑环数据图可以发现杀怪任务最多占54环，其次是找人任务占49环，而百分药、答题和猜歌曲分别为26、21、18环，这已占总环数的4/5,其余的要不是逗逼任务，要不就是捉宝宝，还有那冒牌师傅。
　　用时分配：用时2小时，主要是杀怪需要的时间多，伙伴等级高能提高杀怪速度，除了“一步倒兄”，运气不好的捉初值宝宝也得10分钟。
　　奖励分析：奖励金钱数加起来是1600万左右！根据数据图，每10环一个轮回，每个轮回都比上个轮回多点钱。第一环30000，第十一环是32760，第一百九十一环就82440。最后得到师贡1100万，(银币500万，减去买技能书的100万)其实银币收入400万!最后一环双奖励!银币和师贡。最后的重头戏来了。最后一环必定奖励盘古或神兵。这可以拜下鸡驴大神或刷下世界拉，基本上很大几率为盘古。
 
  
 97973手游网声明：97973手游网登载此文出于传递更多信息之目的，并不意味着赞同其观点或证实其描述。"
大话西游手游家园设计赏析 改成旅馆人气足,2018-03-08,97973手游网,"大家都知道大话西游手游在部分服务器里面已经开放了家园系统了，本来好好的一个家园系统，是可以让大家休息和存放东西的地方，却给一些别出心裁的玩家，把自己的家园设计十分有趣，还有一些因为名字的原因，导致出现了很多的笑话，大家一起来看看吧。
大话西游手游
　　你把自己的家园设计成这样，是要开旅馆么？你不怕来了这么多的租客，导致自己的媳妇和汉子跑了么？不过确实人气倒是提升了不少。但是你要想想大明湖畔不仅仅只有夏雨荷还有孩子啊。
大话西游手游
　　嘿！哥们，这么玩你自己出的来么，知道自己的传送阵在那里么。我知道这是你的家，你好歹也要人来你家逛逛啊，不然一个人多冷清啊，快点把那些帘子什么的移走，我要进来了。
大话西游手游
大话西游手游
　　你以为自己去个名字自己就是大碗了，要是我就起个胡歌的名字，毕竟这是胡歌代言的，而且长得又帅气是吧。还有下面一个你老实说你的硬盘里面是不是还有几个T的种子，说好的来你家要给我们好看的呢？怎么不给了，不准反悔啊。
 
  
 97973手游网声明：97973手游网登载此文出于传递更多信息之目的，并不意味着赞同其观点或证实其描述。"
大话西游手游变身卡有什么用 伤害最大化收益,2018-03-13,97973手游网,"变身卡这东西是所有的玩家都想要的，但是不是所有的卡都适合自己的职业，那么如果选择大话西游手游变身卡呢？

　　下面就让小编来给大家介绍一下各种族推荐的变身卡以及克与被克之间的关系吧，其中不考虑神兽变身卡，神兽属性基本上都被克，也都克。
　　人族
　　男人推荐
　　猴精、独眼巨人，此类变身卡都属于高土属性变身卡，会被木属性的输出单位所造成加成伤害。比如强火克土的女仙(所变蝴蝶仙子，木60水40、所变天龙女的负敏仙，木30土20水50)、强鬼火克土的女鬼(所变猴小兵，木90金10)，当男人遇上以上单位时所被造成的伤害将被加成，如何在五行被压制却还能保持优势地位请看最后总结部分。
　　女人推荐
　　主冰女人推荐冰雪魔与精卫变身卡，如果你们会问，二选其一推荐哪个？那好，我推荐冰雪魔变身卡，为什么?因为同样加敏状态7%的情况下，冰雪魔加3%血，而精卫减4%血。
　　下面分别讨论冰雪魔与精卫变身卡的五行与强克。
　　冰雪魔变身卡
　　水属性100，当然强克火，这样你的毒伤害也造成的克伤害，冰雪魔为水属性100变身卡，那将会被土属性变身卡所克，例如强风克土的男仙(变当康，土85金15强风6%)强火雷的仙(变小黑熊，土40火60)
　　精卫变身卡
　　金25火75，精卫变身卡为双属性变身卡，那么就会克制两种变身卡，强克木、水;同样也会被两种属性所克制，会被火属性卡，水属性卡所克制。例如强水克水的仙(变水灵仙的强水仙，水100)，强风雷克水的仙(变雷鸟的仙，火60金40)。
　　迦楼罗王变身卡
　　主毒的女人推荐变身卡迦楼罗王，金40水60，推荐强克木与火，单属性克即可，如果一件装备炼出了双克木火那就更好了!虽然克双属性，也当然会被双属性所克制，被克火、土。
　　魔族
　　敏系推荐
　　男魔与女魔大部分追求的都可以说是超敏或是中敏魔，抢双方队伍的先手权，男魔的压力当然更大一些，抢先手出呼啦圈，女魔压力则会小一些，只要被对方仙、人先出手之前盘上即可，当然，也要保证即使被抽一次也要能出手盘上，要不盘不上，对于队伍整体损失就将大了，无论是所受伤害还是被控的几率。下面分析一下男女魔的变身卡分析。
　　男女魔所在同一队伍，如果选择同一种变身卡的话那将是一荣具荣，一损具损的局面;为什么要这样说，因为同一属性卡，那属性必然是一样的，所说的“荣”呢就是如果克制对方属性，那将是2个魔都会克制，所说的“损”呢就是如果被对方属性所克制，那两个魔的属性也将被克制。不推荐变同样属性卡，对于队伍整体变身卡修正也不能最大化，同类别变身卡不重复属性卡才能达到队伍的最大修正属性。
　　魔族变身卡推荐为抗性卡，有两种卡，黄金卡与冰雪魔卡。
　　黄金卡
　　金100，克木，与强雷克木的炮仙队友相配合，效果更佳;当然金属性被火属性所克，比如变精卫强毒的女人(火75金25)、变狮蝎的强火克金的女仙(火75金25)
　　冰雪魔卡
　　水100，克火，与强水克水(变龟丞相的仙、变水灵仙的仙)的仙队友配合，效果更佳;当然也会被土属性所克制，比如变龟丞相的仙(土15水85)，强风的仙(土85金15)。
　　具体小伙伴们是选择“一荣具荣，一损具损”，如何选择变身卡具体内容了还要看各位小伙伴们自己了。不过小编推荐两种变身卡哦~这样无论是从修正角度还是克制角度，都是利大于弊的。
　　力系推荐
　　魔除了敏的当然还有大力魔，出了五行克装以后，克魔也将之诞生，不仅伤害加成，也在某种角度上做到了减免伤害，站的住了，也站的稳了。
　　大力魔推荐变身卡
　　水灵仙(物理卡)
　　加连击加狂暴的，还水属性100，如果对手是个火属性的将被完爆，被土属性克。
　　迦罗楼王(物理卡)
　　水60，金40，克制火、木属性卡单位;被木、火属性单位克制。
　　以上两种对于连击率以及连击不足的大力魔变身卡推荐。
　　剑精灵(物理卡)
　　金75，水25，克制木，火属性卡单位;被金、水属性单位克制。
　　雷鸟(物理卡)
　　金40，火60，克制木、金属性卡单位;被金、火属性单位克制。
　　鬼族
　　负敏系
　　男鬼
　　推荐变身卡水灵仙，强三尸，减敏，将负敏再次降低。水属性100，被土属性克，比如变龟丞相的仙(土15水85)，强风的仙(土85紧15)。
　　女鬼
　　女鬼负敏必然是火力输出单位，负敏输出抢占下回合队伍整体优势，推荐苍凛卡，减敏强鬼火，同样水属性100的变身卡，被土属性克，比如变龟丞相的仙(土15水85)，强风的仙(土85金15)。
　　高敏系
　　男鬼
　　高敏虽然非常少减，但也推荐变身卡，高敏都输出先手遗忘的控制单位，推荐剑精灵，金75，水25，双属性克制双属性，同样被双属性所克制，克木与火，被木与火所克;被土属性克，比如变龟丞相的仙(土15水85)，强风的仙(土85紧15)。变精卫强毒的女人(火75金25)、变狮蝎的强火克金的女仙(火75金25)
　　女鬼
　　同理男鬼，同样推荐敏卡，高敏都输出先手遗忘的控制单位。
　　仙族
　　仙族放在最后一个说因为想说的多一点，仙的变化种类比较多，因为炼话的关系可能你不会更改所忽视的法术，你会更改本应该最大化输出的克属性，最好的例子就是我们常说的强雷克木仙，为什么要说是强雷克木，而不是强雷克火克水呢，因为黄金卡，金属性100，本身带克木，而你的装备再炼出强力克木，就会叠加克木属性，为什么要强雷呢，因为黄金卡，黄金卡本身强雷，为什么选择黄金卡呢，因为黄金卡加敏，大部分还都是敏仙，而满足了加敏，高克，强法的属性卡就只有了黄金卡，所以最常见的仙是强雷克木仙，当然，你说我不想玩强雷克木仙，也没关系，小编也为大家推荐几种比较好的变身卡与强克属性，来最大化输出。
　　正敏
　　强雷克木，推荐变身卡黄金卡，当然如果黄金卡缺货，我们可以用冥灵妃子卡来替代一下，同样是金属性，强雷
　　强火克金，推荐变身卡狮蝎卡，狮蝎卡火75金25，强火;如果缺货也可以用凤凰来替代，而且属性更佳
　　强风水克木，推荐变身卡金不换，金不换金80火20，强风水
　　强风克水，推荐变身卡当康，当康土85金15，强风
　　负敏
　　强水克火，推荐变身卡水灵仙，水灵仙水100，减敏，强水
　　负敏属性卡比较少，小编认为只有这一款属性为最佳属性，高属性，只有属性越少才会克的伤害越高，做为火力当然要舍弃一切来追求输出，你们觉得呢？
　　现在来说一下刚开始所说的，如何在被克的情况下还能保持不被压制的情况，属性互克，是基于不抗或是少抗的情况下的，例如对方抗0或是负抗，你克10都会秒很疼，比如对方抗100，你不忽视，你克100也不会造成伤害，提升抗性优先提升强克属性。
 
  
 97973手游网声明：97973手游网登载此文出于传递更多信息之目的，并不意味着赞同其观点或证实其描述。"
大话西游手游家园设计赏析 改成旅馆人气足,2018-03-07,97973手游网,"大家都知道大话西游手游在部分服务器里面已经开放了家园系统了，本来好好的一个家园系统，是可以让大家休息和存放东西的地方，却给一些别出心裁的玩家，把自己的家园设计十分有趣，还有一些因为名字的原因，导致出现了很多的笑话，大家一起来看看吧。
大话西游手游
　　你把自己的家园设计成这样，是要开旅馆么？你不怕来了这么多的租客，导致自己的媳妇和汉子跑了么？不过确实人气倒是提升了不少。但是你要想想大明湖畔不仅仅只有夏雨荷还有孩子啊。
大话西游手游
　　嘿！哥们，这么玩你自己出的来么，知道自己的传送阵在那里么。我知道这是你的家，你好歹也要人来你家逛逛啊，不然一个人多冷清啊，快点把那些帘子什么的移走，我要进来了。
大话西游手游
大话西游手游
　　你以为自己去个名字自己就是大碗了，要是我就起个胡歌的名字，毕竟这是胡歌代言的，而且长得又帅气是吧。还有下面一个你老实说你的硬盘里面是不是还有几个T的种子，说好的来你家要给我们好看的呢？怎么不给了，不准反悔啊。
 
  
 97973手游网声明：97973手游网登载此文出于传递更多信息之目的，并不意味着赞同其观点或证实其描述。"
大话西游手游怎么赚钱快 平民赚钱技巧全面解析,2018-03-08,97973手游网,"在大话西游手游这款游戏中，平民玩家是如何生存的呢？是不是只有充钱才是生存的法则？墨迹很肯定的告诉你当然不是，平民玩的好的大有人在，那么他们又是怎么赚钱来保证自己的花销的呢？下面就和墨迹一起来看看吧。
　　其实在大话中赚钱说容易也不容易，说难也不难。归根结底大概就两种方法，一个就是清任务刷日常搬砖，再来就是从商人那里赚取差价，下面就为大家简单分析一下这两种方法。
大话西游手游搬砖日常
　　一、搬砖
　　这个大家都懂，没什么好说的，最重要的就是一点要清完。特别是杀星封妖什么的，最好是能做就做一下。说不定哪天走狗屎运让你碰到鸡驴就一夜暴富了呢!要知道铁杵磨成针，总有一天你攒够钱就能买神兵了的！
　　二、商人
　　这个要说的详细一点，手游和端游的商人还是有很大的不同的。要知道手游的唯一交易渠道只有多宝阁，而且在多宝交易8%的手续费暂且不说，还会有时间限制。这个时候商人就需要巨大的利润来负担这些差价了。
大话西游手游特殊物品
　　1、特殊需求物品
　　这类物品特指那些在某个时间有特殊需求的物品，例如隐身药。这个在药品平时没什么玩家会购买，但在周二的周历活动水陆大会中就比较有需求，这一天的价格甚至会比平时的贵上50%左右。所以商人可以在平时多囤一点这些比较特殊的物品，然后在有需求的时候再出手从而赚取差价。
　　2、上架价格差
　　首先给大家解释一下什么是上架价格，系统会根据物品的交易量及需求来指定一个底价，同时玩家可以通过上调和下降价格来决定自己的出售价格，但这个范围控制在50%左右。如果买的人多，那么这个物品的底价就会提升，反之下调，这也就是所谓的上架价格。
大话西游手游上架价格
　　那么商人要如何利用这个上架价格来赚钱呢？首先这个底价每隔10分钟会有一次刷新，而如果该物品的需求量很大的话，刷新后的上架价格就会有很大的反差，商人就可以利用这个特定的时间来购买一些先出手的一些低价物品再在合适的价格是出售。这个就需要小伙伴们在多宝长期挂着了，比较耗时间，当然有付出就会有回报哦。
 
  
 97973手游网声明：97973手游网登载此文出于传递更多信息之目的，并不意味着赞同其观点或证实其描述。"
大话西游手游常用名词解析 又卖出去很多白菜,2018-03-15,97973手游网,"很多的新手玩家在进入游戏的时候，经常性的会听到一些老玩家会说一些不知所云的名词，然后这就难为死那些新手玩家了，到处去寻找这些词的意思，由于不好意思问老玩家，好长一段时间都不知道是什么意思，导致自己一直被认为是菜鸟，这里小编要和大家介绍一下日常名词，希望大家喜欢。
大话西游手游
　　1、白菜：想到白菜，我们大部分脑海中都有一个概念，那就是便宜！在游戏中，100元人民币可以换到3000-5000万左右的游戏币，加上曾经的工作室产钱，导致游戏的贬值！后来也因为游戏中屏蔽“大话币”三个字，玩家交流起来不方面，故用“白菜”代表交易的大话币。
　　2、韭菜：九彩云龙珠的常用词，它是炼化东西的一种原料。玩家前期习惯叫它“九彩”，但是他的谐音是韭菜，再加上输入法直接拼出来的就是韭菜这2个字，所以很多玩家在输入时会出错。当所有人都出错的时候，那么这个错误就是真理般的存在了！同时，它是装备的炼化必备材料，而且需求量特别大！在游戏中，九彩也是非常非常廉价的东西，而且投放量特别多！哪个玩家背包里面没几个九彩？正因为九彩各种泛滥，玩家叫韭菜也是对开发组嘲笑的一种方式，说网易是种韭菜的！
　　3、66：666是现在很多游戏中很流行的一个常用词，代表含义基本就是溜溜溜，形容人技术超群等！但是在大话西游的世界里，66只是金柳露的代名词！当然也有人会说露露。
　　4、咸鱼：仙玉，是手游中，通过人民币购买的一种游戏流通货币！
　　5、200血法：以前游戏跑环任务为200环，玩家可以到大话币和百分比的血法药，在当时故把百分比血法药称为200血法。现在这种药物的产出都是直接投放了，但是玩家怀恋以前，所以还一直这样称呼着！
　　6、车夫：在端游中，说车夫您可以理解为是驿站。但是在手游的世界里，您是不可以这么认为的。因为手游的世界里可没有驿站哦，这里的“车夫”通常是指队长！说到这里，想到一个常用词“上车”，就是加队伍的意思！那么队长肯定是车夫啦！
　　7、烟花男：当有人喊你为烟花男的时候，你千万别认为对方是在夸你！你以为你释放的法术就像烟花一样绚丽多彩嘛？其实别人只是在说您的法术毫无价值！烟花虽美，但确实短暂的！就如男人法术一样，多以控制为主。当法术释放后，没有达到理想的控制效果，那么简单来说跟放了一场烟花没什么区别！
　　8、OS丶盘子：是游戏中神兵鞋子藕丝布云履和神兵项链混元盘金锁的名字。OS我们很好理解，就是藕丝的简称。为什么混元盘金锁不叫金锁而叫盘子呢，原谅老师无能了，实在想不出答案！
　　9、丸子：本来是不想说这个常用词的。因为在手游中，估计是不存在了。特殊宝宝：吉祥果丶九戒丶天龙女丶铁扇公主等这些召唤兽在手游中也是用66洗的，那么根本不需要龙颜丸这个道具了！但是怀旧的玩家提到这些召唤兽，基本还是惯例的统称为“丸子宝宝”。
　　好了以上就是关于大话西游手游日常名词的介绍了，后面还会有召唤兽和技能施法名词的介绍，希望大家可以一起来看看哦。希望到时候大家会喜欢上。
 
  
 97973手游网声明：97973手游网登载此文出于传递更多信息之目的，并不意味着赞同其观点或证实其描述。"
大话西游手游平民如何玩好女鬼？装备召唤兽选择,2018-03-08,97973手游网,"大话西游手游的女玩家还是很多的，而且由于手游女鬼的技能魅惑的改变使得女鬼才在今手游中的地位还是比较不错的，土豪除外，对于没有仙器或者单武器仙器的大部分玩家来说，副本，星星带个女鬼绝对是不二的选择，女鬼让大话男人更加自信。

　　平民如何玩好女鬼?
　　说到女鬼就要不得不说让女鬼在手游中赖以生存的一个技能那就是魅惑!
　　从简单字面以上来理解就是一个魅惑强度20左右的女鬼，差不多可以给人族多10点忽视的强法的效果，也就是说高装变一阶套，一阶套男人变成二阶套的效果了。这就是女鬼在如今手游中有一个不错的地位的主要原因，当然那些土豪大仙可以无视。
　　作为一个平民玩家，我们应该这么样玩好女鬼这个职业那，其实主要有三点第一就是装备的搭配以及变身卡，属性点等，第二就是召唤兽的选择，第三就是一些操作了，那么下面逍遥就根据这几点来和大家一起探讨一下。
　　装备搭配以及其他改变人物属性的方法：
　　其实手游中的装备组成还是挺少的无非就是五件装备，搭配来搭配去其实也就是万变不离其宗，我们真正要知道的是通过这五件装备我们想要达到什么样的效果。再分的细一点来说就我们要达到什么样的速度，什么样的强法，还有什么样的抗性，才可以在副本，星星，甚至PK中占得一席之地。
　　对于我们平民玩家来说更是要利用好装备上的每一点属性来增强自己的实力。如今的主流就是速度，手游的很多高难度副本已经帮战的主流队形还是敏队，所以在可能的范围之内尽量的提升我们的速度才是王道，其次才是考虑强法，因为我们比较仙族的优势不在于比仙族多秒多少，而在于我们的魅惑技能，所以首选速度，其次考虑强法。
　　鞋子是手游装备中加速度可以加的最多的一个装备，所以有条件的小伙伴们可以考虑一下弄双仙器鞋子，如果没有的话，则可以用三速鞋子代替。
　　链子的话仙器链子和好点的双速项链的差距不是很大，炼化也以双敏为主，或者点敏+忽视鬼火炼化也可以。
　　如今手游女鬼遗忘的作用还是比较少的，所以武器还是选择以鬼火和魅惑强度为主的，炼化的话以双鬼火炼化最佳，当然这里逍遥追求速度极限了，所以选择的是双速度的炼化。
　　其实对于我们平民玩家来说三抗混满之后其他抗性的多少差距不是特别大，炼化的话还是双敏炼化为主。
　　其实对于我们平民玩家来说三抗混满之后其他抗性的多少差距不是特别大，炼化的话还是以双敏炼化为主。
　　其次就来说说变身卡了，说到变卡不得不说下五行修炼，对于我们平民玩家来说，想要五种五行修炼都达到高级几乎是不现实的，所以我们可以选择主要修炼金属性的五行修炼，这样平时的时候我们可以选择用剑精灵强法卡，帮战水路的时候我们可以选择用黄金卡。
　　最后来说一下属性点，如今的人物等级已经不能快速提升了，所以还没有点属性点的小伙伴们赶紧把属性点点起来吧。
　　召唤兽：
　　对于我们平民玩家来说其实召唤兽不需要华丽，只要使用就行，所以我们至少需要一个看的过去的功宝宝，支撑我们昨天，封妖等等，一些日常比较简单的任务，可以是龙马，也可是猴子，罗王等等，总之自己喜欢的就好。
　　当然血宝宝也是必须的，而且你至少需要一个高血高抗的血宝宝，一招鲜吃遍天，同样的血宝宝可以是龙女，可以是乌龟也可以是其他的，甚至可以是龙马。然后保证混和遗忘的抗性不要低于80就可以了。
　　还有帮战的时候你也至少需要一个不错的敏宝宝，可以是敏功黄金，也可以是一个敏法凤凰。
　　操作：
　　这个其实是最智者见智仁者见仁的东西了，它涉及到人的主观思想所以逍遥还是稍微来分析一下逍遥的经验，作为女鬼其实我们最大的优势是魅惑，所以高难度副本的时候我们第一回合是必定要出魅惑的，然后根据男人的控制力强弱和场上的局势来判断之后是否还需要进行魅惑，其次就是高难度副本的时候尽量让宝宝把自己的法回满，以备不时之需。
　　当自己没有法的时候，切记不要自己拉自己的法，可以看一下周围是不是有其他小伙伴需要你的法药支援，说到底还是配合的问题，这个只要有心，多配合几次也就会了。
　　结语：女鬼还是一个可玩性比强的职业，也是一个相对比较容易上手的职业，最后祝大家游戏愉快。
 
  
 97973手游网声明：97973手游网登载此文出于传递更多信息之目的，并不意味着赞同其观点或证实其描述。"
大话西游手游坐骑高级技能效果分析 高级冲云最强,2018-03-08,97973手游网,"大话西游手游坐骑已经推出很久了，坐骑是大话手游的又一大革新，坐骑系统牵动着无数大话玩家的心，下面先带大家看看坐骑技能效果!
　　1、坐骑技能效果展示

　　大家最关心的技能肯定有这个加速技能了，目前出的1坐骑只有3号技能格有加速技能，目前26级 满熟练度30000，加速2.4。

　　高级秋水这个效果也是很给力啊，主要是连击率连击次数能够有效的触发其他技能增加伤害。比如高分裂的描述，物理攻击时有百分之30几率增加一个目标，8次连击我觉得高分裂基本上出连击了就会生效了概率高达94%。

　　高级怒剑本来是十分看好的，但是目前看来虽然加的属性都是非常完美的，但是数值好像不是很给力，不过也可以理解了，平衡嘛 。

　　高级破斧这个技能就效果来看也是比较不错的了，全物理加成技能，没有什么特别的亮点和怒剑一样发育都不怎么良好。


　　这个高级冲云是很值得看一下的技能，双破也算全物理加成技能了，主要是破防程度的数值明显高一截，要练破防的玩家可以留心下。破防10这换成修炼点是多少点，看样子三转后伤害要逆天了这些物理宝宝。

　　高级后发制人这个技能加攻效果很显著啊，这是为低敏攻宝宝量身定做的吗?表示想要个九戒了。还有一个泣血枕戈是牺牲50%最大生命值提高攻击力，加攻到是挺显著的，问题是气血大家也都很看重啊。算是个不好取舍的技能了，毕竟少50%气血这牺牲真是太大了。

　　高级疾风也算不错的全物理加成技能，不过好像数值也不是太高，就个人感觉配合三号格子秋水应该是杠杠的。

　　这个高级经脉逆行让我想到过全法扇子是不是可以法攻兼备，老鱼头是不是可以用鱼竿抽翻对面，现在看来想的有点多了，20w法目前也才加4400攻击，数值还是太低了，后期坐骑等级高了熟练度高了感觉能加个2w攻击很厉害了!可是2w攻击也不怎么厉害啊，主要是这个坐骑技能对管制很多其他物理宝宝更加没啥效果了。
　　2、相关分析
　　1号技能库特有的全物理加成技能中，除去奇葩的经脉逆行，牺牲太大的泣血枕戈(降低召唤兽50%最大生命值，大幅度提高攻击力)，剩余的全物理技能就只有三个了，分别是冲云破雾、怒剑狂花、破釜沉舟，至于怎么选择看大家想法了，比较推荐破防数值逆天的冲云，并且冲云破雾好像是1号技能库独有的技能，走过路过不要错过。
　　2号技能格特有的全物理技能就只有两种百步穿杨、疾风骤雨，前面一个加命中的在目前应该是没有疾风骤雨实用(提升连击率)。毕竟目前的闪避率，自带的命中上限好像就差不多够用了，还是连击率实在。剩余的破斧怒剑技能同1号库就不继续多说了。
　　3号技能格特有的全物理技能只有两种秋水流弦、暴虎冯河，通过上面的图来看个人感觉秋水这个技能更具价值，加连击次数和连击率。剩余的破斧怒剑同1号库。
　　纠结的是3号技能库中还有一号坐骑唯一的一个加速技能追魂夺命，这个技能估计好多练敏攻宝宝的不太舍得放弃吧，至于选伤害爆炸的秋水还是无快不破的追魂，表示只能看脸了，出了啥我都舍不得洗掉，当然成长得给个满值，不然只能忍痛继续洗了。
 
  
 97973手游网声明：97973手游网登载此文出于传递更多信息之目的，并不意味着赞同其观点或证实其描述。"
大话西游手游装备耐久怎么减少消耗 修复装备技巧,2018-03-07,97973手游网,"在大话西游手游中，玩家在战斗中是会消耗装备的耐久度，角色死亡时更是会直接损耗装备2%的耐久度。平时刷任务时也许并没有怎么注意，一直到系统提示耐久度不够的时候才会选择一次修理。修炼花费的是师贡，也不是很多，但是到后期二转的时候你会发现师贡丫的怎么不够用，技能点的心好疼，作为平民玩家自然而然我们要学会的就是省钱！
大话西游手游师贡
　　对于修炼装备，别看一次话花的不多，但基本你每天都有修炼一次，累积起来也就不少了。对于现如今师贡花不起的状态，赶紧和墨迹一起来看看怎么才能少花点师贡在修理装备上吧！

　　对于师贡如石油的今天，我们到底要如何尽量减少在装备上的花费呢?不要急不要燥，跟墨迹一起看下去吧。
　　减少修复消耗技巧
　　我们先来了解下装备耐久消耗的计算方式，平均每一场战斗所有装备耐久消耗1点。所以根据这个我们可以投机取巧一下。
　　1、人族：比如抓鬼和封妖之类的完全可以全裸上阵了，加起来好歹75点耐久呢!如果玩的是血人，怕敏不够的话可以穿上鞋子，毕竟抓鬼和封妖的怪都没用抗混的属性，可以很轻松的混住。
　　2、魔族：魔族和人族差不多，不过最好是再加个项链，毕竟挂机也要保证两回合出五抽啊，敏不够也带个鞋子就是了，好歹也还能省点。
　　3、仙族和鬼族：这两个种族的，一个要输出、一个要回血，装备上省不了什么事。顶多看情况不带鞋子和项链。好歹也算少一个了，能省就省。但是对于别的任务就不适用了啊。
　　省钱就是赚钱了，这里提醒一下大家抓完鬼封完妖记得把装备穿上，否则坑了就不好咯。
 
  
 97973手游网声明：97973手游网登载此文出于传递更多信息之目的，并不意味着赞同其观点或证实其描述。"
大话西游手游装备耐久怎么减少消耗 修复装备技巧,2018-03-08,97973手游网,"在大话西游手游中，玩家在战斗中是会消耗装备的耐久度，角色死亡时更是会直接损耗装备2%的耐久度。平时刷任务时也许并没有怎么注意，一直到系统提示耐久度不够的时候才会选择一次修理。修炼花费的是师贡，也不是很多，但是到后期二转的时候你会发现师贡丫的怎么不够用，技能点的心好疼，作为平民玩家自然而然我们要学会的就是省钱！
大话西游手游师贡
　　对于修炼装备，别看一次话花的不多，但基本你每天都有修炼一次，累积起来也就不少了。对于现如今师贡花不起的状态，赶紧和墨迹一起来看看怎么才能少花点师贡在修理装备上吧！

　　对于师贡如石油的今天，我们到底要如何尽量减少在装备上的花费呢?不要急不要燥，跟墨迹一起看下去吧。
　　减少修复消耗技巧
　　我们先来了解下装备耐久消耗的计算方式，平均每一场战斗所有装备耐久消耗1点。所以根据这个我们可以投机取巧一下。
　　1、人族：比如抓鬼和封妖之类的完全可以全裸上阵了，加起来好歹75点耐久呢!如果玩的是血人，怕敏不够的话可以穿上鞋子，毕竟抓鬼和封妖的怪都没用抗混的属性，可以很轻松的混住。
　　2、魔族：魔族和人族差不多，不过最好是再加个项链，毕竟挂机也要保证两回合出五抽啊，敏不够也带个鞋子就是了，好歹也还能省点。
　　3、仙族和鬼族：这两个种族的，一个要输出、一个要回血，装备上省不了什么事。顶多看情况不带鞋子和项链。好歹也算少一个了，能省就省。但是对于别的任务就不适用了啊。
　　省钱就是赚钱了，这里提醒一下大家抓完鬼封完妖记得把装备穿上，否则坑了就不好咯。
 
  
 97973手游网声明：97973手游网登载此文出于传递更多信息之目的，并不意味着赞同其观点或证实其描述。"
